pair_id,g0_detected_query,g4_detected_query,delta_g4_minus_g0_detected_query,g0_ratio_matches,g4_ratio_matches,delta_g4_minus_g0_ratio_matches,g0_inverse_consistency_matches,g4_inverse_consistency_matches,delta_g4_minus_g0_inverse_consistency_matches,g0_returned_matches,g4_returned_matches,delta_g4_minus_g0_returned_matches,g0_ransac_inliers,g4_ransac_inliers,delta_g4_minus_g0_ransac_inliers,g0_match_grid_cells,g4_match_grid_cells,delta_g4_minus_g0_match_grid_cells,g0_inlier_grid_cells,g4_inlier_grid_cells,delta_g4_minus_g0_inlier_grid_cells,g0_match_hull_fraction,g4_match_hull_fraction,delta_g4_minus_g0_match_hull_fraction,g0_inlier_hull_fraction,g4_inlier_hull_fraction,delta_g4_minus_g0_inlier_hull_fraction,g0_legacy_lmeds_control_mean_error,g4_legacy_lmeds_control_mean_error,delta_g4_minus_g0_legacy_lmeds_control_mean_error
01_r_t,462.0,503.0,41.0,215.0,210.0,-5.0,201.0,196.0,-5.0,180.0,178.0,-2.0,161.0,161.0,0.0,38.0,37.0,-1.0,34.0,33.0,-1.0,0.49640513286905186,0.4752350378619319,-0.02117009500711997,0.4740789695695384,0.42415712238192715,-0.049921847187611224,2.7912261486053467,2.916419744491577,0.12519359588623047
02_r_t,448.0,468.0,20.0,201.0,205.0,4.0,184.0,195.0,11.0,169.0,152.0,-17.0,130.0,137.0,7.0,41.0,41.0,0.0,35.0,38.0,3.0,0.5065027682597603,0.49877648666488666,-0.007726281594873596,0.4225351965779637,0.4651850311869586,0.04264983460899491,3.340975522994995,3.6211159229278564,0.28014039993286133
03_r_t,462.0,486.0,24.0,196.0,189.0,-7.0,179.0,171.0,-8.0,166.0,156.0,-10.0,144.0,151.0,7.0,40.0,36.0,-4.0,36.0,36.0,0.0,0.46593921046190817,0.4362644346297615,-0.02967477583214667,0.4014909526299395,0.43519701832651003,0.03370606569657053,3.7787389755249023,3.6460835933685303,-0.13265538215637207
04_r_t,484.0,489.0,5.0,178.0,184.0,6.0,165.0,169.0,4.0,141.0,140.0,-1.0,120.0,139.0,19.0,36.0,35.0,-1.0,32.0,35.0,3.0,0.45684421168565326,0.4385981258158301,-0.01824608586982318,0.4200140035377358,0.4385981258158301,0.01858412227809425,4.7744598388671875,3.469529867172241,-1.3049299716949463
05_r_t,337.0,342.0,5.0,73.0,74.0,1.0,62.0,60.0,-2.0,38.0,36.0,-2.0,35.0,29.0,-6.0,16.0,18.0,2.0,16.0,16.0,0.0,0.19174103634402148,0.20860247967392548,0.016861443329903997,0.19143650245056013,0.2019143438143004,0.010477841363740276,8.113804817199707,11.045730590820312,2.9319257736206055
06_r_t,342.0,353.0,11.0,69.0,68.0,-1.0,59.0,57.0,-2.0,43.0,34.0,-9.0,34.0,23.0,-11.0,19.0,16.0,-3.0,14.0,12.0,-2.0,0.2570167824074074,0.23704893707847507,-0.01996784532893231,0.23728336566215136,0.1827894366926726,-0.054493928969478744,6.527729034423828,5.889930248260498,-0.6377987861633301
07_r_t,661.0,677.0,16.0,131.0,140.0,9.0,42.0,115.0,73.0,40.0,109.0,69.0,40.0,105.0,65.0,18.0,31.0,13.0,18.0,31.0,13.0,0.3596005536879573,0.5316090821392878,0.17200852845133052,0.3596005536879573,0.5291755073246076,0.16957495363665032,3.4540412425994873,3.747671127319336,0.29362988471984863
08_r_t,648.0,681.0,33.0,138.0,137.0,-1.0,128.0,116.0,-12.0,108.0,106.0,-2.0,103.0,93.0,-10.0,33.0,34.0,1.0,32.0,30.0,-2.0,0.4635885700313721,0.5443170825561571,0.08072851252478497,0.43710584472152597,0.4632585484931243,0.02615270377159834,5.753093719482422,5.133631229400635,-0.6194624900817871
09_r_t,336.0,366.0,30.0,56.0,65.0,9.0,45.0,46.0,1.0,31.0,28.0,-3.0,25.0,24.0,-1.0,19.0,13.0,-6.0,16.0,10.0,-6.0,0.2404066241926726,0.13737012656464334,-0.10303649762802927,0.18961577378400776,0.09402696062671467,-0.09558881315729309,6.393300533294678,11.435357093811035,5.042056560516357
10_r_t,341.0,365.0,24.0,50.0,45.0,-5.0,43.0,36.0,-7.0,27.0,18.0,-9.0,24.0,15.0,-9.0,14.0,13.0,-1.0,13.0,10.0,-3.0,0.2434871274148377,0.1950101987597165,-0.04847692865512118,0.21933406207133058,0.14232661661951304,-0.07700744545181754,10.302130699157715,16.925867080688477,6.623736381530762
11_r_t,434.0,484.0,50.0,217.0,226.0,9.0,207.0,207.0,0.0,185.0,172.0,-13.0,148.0,136.0,-12.0,40.0,36.0,-4.0,33.0,33.0,0.0,0.4219697938916578,0.394830001409161,-0.02713979248249676,0.33487054723656107,0.35254960803073454,0.017679060794173473,4.329211711883545,5.323009967803955,0.9937982559204102
12_r_t,404.0,424.0,20.0,193.0,196.0,3.0,187.0,186.0,-1.0,163.0,163.0,0.0,154.0,135.0,-19.0,32.0,31.0,-1.0,31.0,29.0,-2.0,0.38163765834519997,0.37222420771775244,-0.009413450627447528,0.3713390784457696,0.35916860889848107,-0.01217046954728851,4.391021728515625,3.8359758853912354,-0.5550458431243896
13_r_t,313.0,342.0,29.0,89.0,88.0,-1.0,78.0,78.0,0.0,49.0,58.0,9.0,36.0,58.0,22.0,16.0,17.0,1.0,11.0,17.0,6.0,0.1802154108439072,0.2145674591692387,0.03435204832533151,0.12490310285208048,0.2145674591692387,0.08966435631715822,8.722037315368652,7.748144149780273,-0.9738931655883789
14_r_t,600.0,642.0,42.0,124.0,137.0,13.0,34.0,38.0,4.0,33.0,36.0,3.0,31.0,36.0,5.0,20.0,18.0,-2.0,18.0,18.0,0.0,0.38426298307403706,0.3818828530428787,-0.002380130031158334,0.3527673040847848,0.3818828530428787,0.02911554895809393,6.107729434967041,7.5035247802734375,1.3957953453063965
15_r_t,670.0,700.0,30.0,175.0,188.0,13.0,68.0,152.0,84.0,64.0,145.0,81.0,57.0,138.0,81.0,24.0,38.0,14.0,22.0,38.0,16.0,0.4094944323896766,0.5479436451480153,0.1384492127583387,0.34232035204078903,0.5352391520450647,0.19291880000427564,5.094037055969238,4.751059532165527,-0.34297752380371094
16_r_t,323.0,340.0,17.0,57.0,64.0,7.0,48.0,49.0,1.0,34.0,28.0,-6.0,28.0,28.0,0.0,18.0,17.0,-1.0,15.0,17.0,2.0,0.20342015675011432,0.23019625467964105,0.026776097929526732,0.1713198507873228,0.23019625467964105,0.05887640389231824,11.132916450500488,11.942241668701172,0.8093252182006836
17_r_t,279.0,303.0,24.0,74.0,81.0,7.0,65.0,69.0,4.0,48.0,40.0,-8.0,43.0,38.0,-5.0,17.0,14.0,-3.0,15.0,13.0,-2.0,0.1911300708018976,0.15864117155349794,-0.03248889924839965,0.15789792131058528,0.15483751196702103,-0.0030604093435642465,10.12206745147705,13.09692668914795,2.9748592376708984
18_r_t,328.0,350.0,22.0,185.0,188.0,3.0,173.0,172.0,-1.0,130.0,144.0,14.0,124.0,142.0,18.0,25.0,26.0,1.0,23.0,26.0,3.0,0.2616371465263489,0.3000643450645862,0.038427198538237284,0.2386875928783722,0.2922039546539209,0.05351636177554869,5.127163410186768,3.9341888427734375,-1.19297456741333
19_r_t,313.0,342.0,29.0,121.0,122.0,1.0,116.0,114.0,-2.0,101.0,91.0,-10.0,77.0,85.0,8.0,22.0,18.0,-4.0,17.0,16.0,-1.0,0.21892291898862598,0.19052591485196615,-0.028397004136659826,0.14930242984110653,0.1674989997713763,0.018196569930269774,3.613823652267456,6.39016580581665,2.7763421535491943
20_r_t,600.0,642.0,42.0,226.0,244.0,18.0,106.0,97.0,-9.0,105.0,96.0,-9.0,105.0,86.0,-19.0,42.0,39.0,-3.0,42.0,34.0,-8.0,0.6467924445109535,0.6181543912906381,-0.02863805322031543,0.6467924445109535,0.45165418285598236,-0.19513826165497117,2.7916834354400635,2.8206987380981445,0.029015302658081055
21_r_t,670.0,700.0,30.0,169.0,183.0,14.0,65.0,149.0,84.0,65.0,133.0,68.0,65.0,127.0,62.0,27.0,36.0,9.0,27.0,35.0,8.0,0.42089754501386895,0.4596410047084854,0.038743459694616456,0.42089754501386895,0.4448421441512701,0.023944599137401157,2.501722574234009,2.954821825027466,0.45309925079345703
22_r_t,323.0,340.0,17.0,158.0,166.0,8.0,149.0,156.0,7.0,103.0,111.0,8.0,94.0,90.0,-4.0,23.0,26.0,3.0,22.0,23.0,1.0,0.2483475017504001,0.3436782202003315,0.0953307184499314,0.24460791931012804,0.2760619838105853,0.031454064500457235,5.990293025970459,7.154988765716553,1.1646957397460938
23_r_t,279.0,303.0,24.0,108.0,97.0,-11.0,102.0,92.0,-10.0,89.0,72.0,-17.0,81.0,63.0,-18.0,18.0,18.0,0.0,18.0,16.0,-2.0,0.20424590352794925,0.18418841717392548,-0.020057486354023768,0.20424590352794925,0.1510700213620256,-0.053175882165923644,5.337055206298828,4.630342960357666,-0.7067122459411621
24_r_t,442.0,458.0,16.0,145.0,152.0,7.0,133.0,145.0,12.0,123.0,110.0,-13.0,117.0,106.0,-11.0,29.0,21.0,-8.0,29.0,21.0,-8.0,0.3675034023822238,0.22496004286816185,-0.14254335951406194,0.35720447482793405,0.2224935475258099,-0.13471092730212414,6.947197437286377,11.076210975646973,4.129013538360596
25_r_t,428.0,447.0,19.0,216.0,223.0,7.0,208.0,215.0,7.0,198.0,189.0,-9.0,185.0,179.0,-6.0,36.0,34.0,-2.0,34.0,34.0,0.0,0.4436705260991456,0.38734812118043194,-0.05632240491871365,0.41866162613474545,0.38734812118043194,-0.03131350495431351,3.5679943561553955,4.145053386688232,0.5770590305328369
26_r_t,486.0,507.0,21.0,167.0,166.0,-1.0,153.0,154.0,1.0,120.0,139.0,19.0,105.0,135.0,30.0,21.0,34.0,13.0,21.0,34.0,13.0,0.25642477768630595,0.360600946919129,0.10417616923282302,0.2268063219413789,0.360600946919129,0.13379462497775008,10.56346607208252,6.56683349609375,-3.9966325759887695
27_r_t,456.0,466.0,10.0,247.0,229.0,-18.0,235.0,218.0,-17.0,218.0,197.0,-21.0,208.0,187.0,-21.0,41.0,39.0,-2.0,41.0,39.0,-2.0,0.4594505801664293,0.4692406568915391,0.009790076725109786,0.4594505801664293,0.4482890050210632,-0.011161575145366087,4.689577102661133,4.209463596343994,-0.48011350631713867
28_r_t,345.0,350.0,5.0,62.0,60.0,-2.0,52.0,51.0,-1.0,34.0,32.0,-2.0,28.0,29.0,1.0,14.0,11.0,-3.0,12.0,10.0,-2.0,0.17916595221764975,0.14245633376914724,-0.03670961844850251,0.1650438627043324,0.1271734878686557,-0.03787037483567671,9.771026611328125,14.052008628845215,4.28098201751709
29_r_t,320.0,313.0,-7.0,72.0,82.0,10.0,62.0,70.0,8.0,45.0,51.0,6.0,43.0,45.0,2.0,15.0,19.0,4.0,15.0,18.0,3.0,0.22476019072216508,0.21454278835162321,-0.010217402370541862,0.2247512601094536,0.21454278835162321,-0.010208471757830379,8.152995109558105,6.41061544418335,-1.7423796653747559
30_r_t,652.0,683.0,31.0,140.0,145.0,5.0,46.0,46.0,0.0,45.0,41.0,-4.0,44.0,35.0,-9.0,19.0,17.0,-2.0,19.0,14.0,-5.0,0.40684908262029085,0.3108699341025819,-0.09597914851770895,0.40684908262029085,0.26040569935171476,-0.1464433832685761,6.0106587409973145,9.593185424804688,3.582526683807373
31_r_t,652.0,678.0,26.0,148.0,152.0,4.0,51.0,53.0,2.0,49.0,53.0,4.0,45.0,53.0,8.0,23.0,22.0,-1.0,21.0,22.0,1.0,0.4307180239860188,0.4014382993335435,-0.029279724652475303,0.3843615218936556,0.4014382993335435,0.017076777439887947,5.489341735839844,5.903629779815674,0.4142880439758301
32_r_t,310.0,318.0,8.0,61.0,52.0,-9.0,51.0,46.0,-5.0,33.0,28.0,-5.0,27.0,22.0,-5.0,11.0,9.0,-2.0,10.0,7.0,-3.0,0.13456848172439415,0.10486861282578876,-0.02969986889860539,0.12056762527863511,0.053731477909236394,-0.06683614736939872,11.309073448181152,19.90290069580078,8.593827247619629
33_r_t,428.0,452.0,24.0,190.0,192.0,2.0,183.0,179.0,-4.0,160.0,154.0,-6.0,155.0,142.0,-13.0,36.0,36.0,0.0,36.0,33.0,-3.0,0.4234643621321348,0.42839352861338553,0.004929166481250746,0.4234643621321348,0.37909479481873737,-0.04436956731339742,4.151559352874756,4.634679794311523,0.4831204414367676
34_r_t,465.0,479.0,14.0,203.0,180.0,-23.0,194.0,168.0,-26.0,174.0,155.0,-19.0,152.0,139.0,-13.0,37.0,35.0,-2.0,35.0,31.0,-4.0,0.3881449461181322,0.39079002017325265,0.0026450740551204333,0.37090613226088764,0.3564440377655156,-0.014462094495372058,4.133508682250977,3.985192060470581,-0.1483166217803955
35_r_t,263.0,277.0,14.0,32.0,35.0,3.0,23.0,25.0,2.0,14.0,15.0,1.0,12.0,13.0,1.0,11.0,11.0,0.0,10.0,9.0,-1.0,0.1576617066043667,0.16116630229766804,0.0035045956933013322,0.1385707358110425,0.15085702624885688,0.012286290437814373,15.677416801452637,16.151363372802734,0.47394657135009766
36_r_t,318.0,328.0,10.0,53.0,47.0,-6.0,45.0,41.0,-4.0,28.0,25.0,-3.0,22.0,21.0,-1.0,12.0,11.0,-1.0,10.0,10.0,0.0,0.15280445798325332,0.1255002259445016,-0.027304232038751708,0.11020141657378829,0.11368011349022633,0.00347869691643804,13.48791217803955,12.062186241149902,-1.4257259368896484
37_r_t,565.0,604.0,39.0,140.0,146.0,6.0,127.0,68.0,-59.0,101.0,66.0,-35.0,95.0,60.0,-35.0,30.0,22.0,-8.0,29.0,19.0,-10.0,0.49931590677091964,0.42794774703515065,-0.07136815973576899,0.4939847896146097,0.36009675509996847,-0.1338880345146412,8.508809089660645,8.858589172363281,0.3497800827026367
38_r_t,623.0,661.0,38.0,104.0,104.0,0.0,84.0,36.0,-48.0,78.0,29.0,-49.0,66.0,29.0,-37.0,26.0,10.0,-16.0,23.0,10.0,-13.0,0.42616586454954064,0.10447135760439102,-0.3216945069451496,0.3550201687251816,0.10447135760439102,-0.2505488111207906,9.31319808959961,18.00775909423828,8.694561004638672
39_r_t,318.0,332.0,14.0,34.0,26.0,-8.0,26.0,23.0,-3.0,20.0,15.0,-5.0,20.0,12.0,-8.0,10.0,10.0,0.0,10.0,7.0,-3.0,0.1532880506615798,0.16656619727366256,0.013278146612082764,0.1532880506615798,0.13164392932670324,-0.02164412133487656,20.701656341552734,67.85755157470703,47.1558952331543
40_r_t,320.0,313.0,-7.0,24.0,24.0,0.0,18.0,19.0,1.0,11.0,9.0,-2.0,11.0,9.0,-2.0,7.0,7.0,0.0,7.0,7.0,0.0,0.034019271369170094,0.10641785086591221,0.07239857949674211,0.034019271369170094,0.10641785086591221,0.07239857949674211,90.0472640991211,82.17015838623047,-7.877105712890625
41_r_t,428.0,452.0,24.0,269.0,263.0,-6.0,263.0,250.0,-13.0,204.0,214.0,10.0,202.0,209.0,7.0,37.0,40.0,3.0,37.0,39.0,2.0,0.45635865373205176,0.4718721724071437,0.01551351867509193,0.45202780126379494,0.4718721724071437,0.01984437114334875,3.5667569637298584,3.2708377838134766,-0.29591917991638184
42_r_t,465.0,479.0,14.0,273.0,265.0,-8.0,259.0,257.0,-2.0,205.0,192.0,-13.0,164.0,181.0,17.0,38.0,43.0,5.0,33.0,41.0,8.0,0.4436378465423638,0.45512332013171947,0.011485473589355644,0.37737958162750684,0.4388661677124125,0.06148658608490565,3.411104917526245,2.361478567123413,-1.049626350402832
43_r_t,263.0,277.0,14.0,36.0,32.0,-4.0,30.0,26.0,-4.0,23.0,14.0,-9.0,18.0,11.0,-7.0,12.0,8.0,-4.0,10.0,6.0,-4.0,0.19329719560899633,0.11749203389346136,-0.07580516171553497,0.1343184245684728,0.08225440368512803,-0.05206402088334476,11.776854515075684,122.4397201538086,110.66286563873291
44_r_t,318.0,328.0,10.0,70.0,77.0,7.0,62.0,67.0,5.0,42.0,33.0,-9.0,29.0,25.0,-4.0,14.0,10.0,-4.0,11.0,9.0,-2.0,0.18631200524405578,0.0987659902620599,-0.08754601498199588,0.10341348111711249,0.06856556052097622,-0.03484792059613627,6.792137622833252,25.367034912109375,18.574897289276123
45_r_t,565.0,604.0,39.0,172.0,160.0,-12.0,157.0,70.0,-87.0,143.0,67.0,-76.0,116.0,58.0,-58.0,39.0,27.0,-12.0,34.0,25.0,-9.0,0.5572188203132933,0.475835609190365,-0.08138321112292829,0.4838571701521573,0.4524107605727143,-0.031446409579443,4.80250883102417,5.231736660003662,0.4292278289794922
46_r_t,623.0,661.0,38.0,156.0,155.0,-1.0,136.0,58.0,-78.0,119.0,55.0,-64.0,107.0,54.0,-53.0,37.0,21.0,-16.0,36.0,20.0,-16.0,0.537678405367994,0.45471356268271435,-0.0829648426852797,0.5315631530284487,0.45471356268271435,-0.07684959034573435,7.556478977203369,7.960685729980469,0.4042067527770996
47_r_t,318.0,332.0,14.0,52.0,56.0,4.0,47.0,50.0,3.0,29.0,27.0,-2.0,26.0,22.0,-4.0,13.0,13.0,0.0,12.0,11.0,-1.0,0.17915769140089163,0.16614199316986739,-0.013015698231024247,0.1568082749271262,0.14805393018404206,-0.008754344743084147,15.604732513427734,17.411569595336914,1.8068370819091797
48_r_t,320.0,313.0,-7.0,42.0,47.0,5.0,30.0,41.0,11.0,17.0,23.0,6.0,13.0,18.0,5.0,7.0,13.0,6.0,6.0,10.0,4.0,0.08669559738654549,0.15940217138917467,0.07270657400262918,0.07820894775948788,0.15680034900834477,0.0785914012488569,36.07404327392578,17.070480346679688,-19.003562927246094
49_r_t,263.0,277.0,14.0,65.0,72.0,7.0,56.0,59.0,3.0,48.0,43.0,-5.0,43.0,34.0,-9.0,20.0,19.0,-1.0,18.0,17.0,-1.0,0.247881323766861,0.22731579718221306,-0.020565526584647942,0.22004527374114083,0.2192929812528578,-0.0007522924882830406,8.048598289489746,5.520677089691162,-2.527921199798584
50_r_t,318.0,328.0,10.0,119.0,119.0,0.0,110.0,111.0,1.0,76.0,92.0,16.0,70.0,74.0,4.0,19.0,23.0,4.0,18.0,21.0,3.0,0.21199856842278236,0.25230208869170095,0.04030352026891859,0.20897778867312528,0.21542133737711477,0.006443548703989499,7.999362945556641,6.382587909698486,-1.6167750358581543
51_r_t,565.0,604.0,39.0,182.0,171.0,-11.0,164.0,79.0,-85.0,138.0,76.0,-62.0,138.0,71.0,-67.0,35.0,26.0,-9.0,35.0,26.0,-9.0,0.5121782290002085,0.4439576329839826,-0.06822059601622588,0.5121782290002085,0.4432925794590319,-0.0688856495411766,3.631239652633667,3.7521812915802,0.1209416389465332
52_r_t,623.0,661.0,38.0,192.0,196.0,4.0,170.0,88.0,-82.0,144.0,79.0,-65.0,134.0,73.0,-61.0,43.0,31.0,-12.0,40.0,29.0,-11.0,0.6333699541443757,0.5839198341608367,-0.04945011998353899,0.6151850325211508,0.5420707314987521,-0.07311430102239869,5.027252674102783,5.4179158210754395,0.39066314697265625
53_r_t,318.0,332.0,14.0,93.0,93.0,0.0,81.0,83.0,2.0,53.0,49.0,-4.0,51.0,39.0,-12.0,18.0,15.0,-3.0,17.0,12.0,-5.0,0.24537729159522176,0.18087515985796754,-0.06450213173725422,0.22889216195844764,0.15742348251028807,-0.07146867944815957,12.403815269470215,12.245739936828613,-0.15807533264160156
54_r_t,320.0,313.0,-7.0,82.0,72.0,-10.0,72.0,67.0,-5.0,47.0,42.0,-5.0,41.0,33.0,-8.0,19.0,20.0,1.0,17.0,16.0,-1.0,0.26071427933527663,0.24190484610768176,-0.018809433227594874,0.2164811778406493,0.2304895136745542,0.0140083358339049,12.187054634094238,14.017593383789062,1.8305387496948242
55_r_t,472.0,497.0,25.0,218.0,208.0,-10.0,205.0,203.0,-2.0,184.0,186.0,2.0,182.0,169.0,-13.0,33.0,33.0,0.0,33.0,33.0,0.0,0.43274315444404887,0.4284358266212768,-0.004307327822772045,0.43274315444404887,0.4117305470882283,-0.021012607355820556,3.3726511001586914,3.3213398456573486,-0.05131125450134277
56_r_t,417.0,461.0,44.0,240.0,242.0,2.0,233.0,238.0,5.0,210.0,209.0,-1.0,203.0,194.0,-9.0,41.0,40.0,-1.0,41.0,37.0,-4.0,0.48956653001512995,0.4951414074552035,0.005574877440073567,0.48939444085973655,0.4551245948662039,-0.034269845993532666,2.3715572357177734,2.275465250015259,-0.09609198570251465
57_r_t,499.0,521.0,22.0,206.0,203.0,-3.0,196.0,188.0,-8.0,154.0,163.0,9.0,140.0,154.0,14.0,32.0,35.0,3.0,32.0,34.0,2.0,0.4304353056025276,0.4300181197712709,-0.0004171858312566612,0.4165191451213362,0.4271445205885843,0.010625375467248122,3.802764654159546,3.5212481021881104,-0.28151655197143555
58_r_t,476.0,496.0,20.0,199.0,189.0,-10.0,185.0,171.0,-14.0,156.0,138.0,-18.0,152.0,132.0,-20.0,35.0,33.0,-2.0,34.0,32.0,-2.0,0.4236450267740596,0.41831849078853683,-0.00532653598552274,0.4236450267740596,0.4181079278287054,-0.005537098945354202,5.882256984710693,5.856813907623291,-0.025443077087402344
59_r_t,328.0,347.0,19.0,40.0,39.0,-1.0,35.0,34.0,-1.0,24.0,22.0,-2.0,21.0,17.0,-4.0,13.0,13.0,0.0,11.0,10.0,-1.0,0.1607368514589049,0.16427694633773435,0.0035400948788294473,0.11134207908236168,0.11425524494884545,0.002913165866483769,17.475807189941406,10.856243133544922,-6.619564056396484
60_r_t,284.0,308.0,24.0,27.0,37.0,10.0,25.0,33.0,8.0,20.0,24.0,4.0,19.0,23.0,4.0,10.0,8.0,-2.0,10.0,8.0,-2.0,0.1184200361868427,0.16438109960848193,0.045961063421639234,0.11236139689071788,0.16438109960848193,0.05201970271776406,20.361833572387695,12.865845680236816,-7.495987892150879
61_r_t,338.0,351.0,13.0,39.0,41.0,2.0,30.0,34.0,4.0,19.0,20.0,1.0,16.0,18.0,2.0,12.0,10.0,-2.0,12.0,9.0,-3.0,0.16566454028778008,0.1658824472379401,0.00021790695016002393,0.16566454028778008,0.1658824472379401,0.00021790695016002393,17.472333908081055,15.064010620117188,-2.408323287963867
62_r_t,319.0,353.0,34.0,51.0,55.0,4.0,43.0,49.0,6.0,29.0,25.0,-4.0,23.0,18.0,-5.0,14.0,9.0,-5.0,11.0,9.0,-2.0,0.23326235728880887,0.13313411369027206,-0.10012824359853681,0.16540934802954962,0.12802513342335392,-0.037384214606195704,12.312726020812988,22.061017990112305,9.748291969299316
63_r_t,499.0,521.0,22.0,241.0,239.0,-2.0,226.0,225.0,-1.0,208.0,200.0,-8.0,201.0,176.0,-25.0,34.0,35.0,1.0,34.0,34.0,0.0,0.42001226526343893,0.42029548808888095,0.00028322282544201993,0.413725390671354,0.3956312299750801,-0.018094160696273898,3.349364995956421,3.2140138149261475,-0.13535118103027344
64_r_t,476.0,496.0,20.0,219.0,226.0,7.0,203.0,213.0,10.0,180.0,183.0,3.0,174.0,171.0,-3.0,39.0,40.0,1.0,39.0,37.0,-2.0,0.49840449596534947,0.46983167015248606,-0.02857282581286341,0.48364596775987895,0.44784203675685297,-0.03580393100302598,4.67654275894165,3.8687191009521484,-0.807823657989502
65_r_t,328.0,347.0,19.0,80.0,94.0,14.0,73.0,86.0,13.0,53.0,59.0,6.0,51.0,54.0,3.0,18.0,15.0,-3.0,16.0,14.0,-2.0,0.21907652552726337,0.1870644093649977,-0.03201211616226565,0.2096468031978738,0.18279658118284178,-0.02685022201503201,5.684089660644531,7.225714206695557,1.5416245460510254
66_r_t,284.0,308.0,24.0,63.0,75.0,12.0,61.0,65.0,4.0,47.0,54.0,7.0,42.0,42.0,0.0,17.0,16.0,-1.0,17.0,12.0,-5.0,0.20261271772833792,0.21286919152949246,0.010256473801154548,0.1845604888260174,0.18135830600565844,-0.0032021828203589453,5.747106552124023,5.631184101104736,-0.11592245101928711
67_r_t,691.0,725.0,34.0,172.0,188.0,16.0,142.0,68.0,-74.0,132.0,67.0,-65.0,129.0,67.0,-62.0,38.0,21.0,-17.0,38.0,21.0,-17.0,0.5364581941542096,0.42993839820639307,-0.10651979594781652,0.5363312627933451,0.42993839820639307,-0.10639286458695202,5.677925109863281,6.349451541900635,0.6715264320373535
68_r_t,649.0,674.0,25.0,98.0,104.0,6.0,37.0,43.0,6.0,35.0,40.0,5.0,32.0,30.0,-2.0,14.0,15.0,1.0,12.0,10.0,-2.0,0.3302229582756575,0.3081435820831708,-0.022079376192486733,0.3220951758066154,0.18256186901752455,-0.13953330678909084,13.585254669189453,8.592013359069824,-4.993241310119629
69_r_t,338.0,351.0,13.0,64.0,82.0,18.0,54.0,72.0,18.0,42.0,53.0,11.0,41.0,53.0,12.0,18.0,17.0,-1.0,17.0,17.0,0.0,0.21600606924439872,0.2280139478309328,0.012007878586534071,0.20712223061699817,0.2280139478309328,0.020891717213934624,9.078248977661133,8.105061531066895,-0.9731874465942383
70_r_t,319.0,353.0,34.0,77.0,93.0,16.0,63.0,88.0,25.0,47.0,51.0,4.0,36.0,44.0,8.0,15.0,16.0,1.0,14.0,15.0,1.0,0.24633967674754229,0.21750987279235254,-0.028829803955189748,0.21729419849537038,0.21743251135973937,0.0001383128643689946,11.206019401550293,8.3583345413208,-2.847684860229492
