method,pair_id,transform,transform_type,detected_original,detected_transformed,spatial_positive_pairs,detector_repeatability_original,detector_repeatability_symmetric,positive_descriptor_distance,nearest_spatial_negative_distance,descriptor_margin,ratio_matches,ratio_pass_rate,bidirectional_matches,bidirectional_pass_rate,ransac_inliers,ransac_inlier_rate,inlier_grid_cells,inlier_grid_coverage,inlier_hull_fraction,outer_border_original,outer_border_repeated,outer_border_repeatability
G0,01_r_t,identity,identity,462,462,462,1.0,1.0,0.0,1.1655544873439905,1.1655544873439905,462,1.0,462,1.0,462,1.0,48,0.75,0.590732703475436,0,0,0.0
G0,01_r_t,gamma_075,gamma,462,464,426,0.922077922077922,0.9200863930885529,0.08728292214076423,1.1656664099211984,1.0783834877804341,447,0.9675324675324676,447,1.0,408,0.912751677852349,47,0.734375,0.5843869593271627,0,0,0.0
G0,01_r_t,gamma_135,gamma,462,471,429,0.9285714285714286,0.9196141479099679,0.08881660056732474,1.1655463706919085,1.0767297701245837,454,0.9826839826839827,454,1.0,410,0.9030837004405287,47,0.734375,0.579985880577311,0,0,0.0
G0,01_r_t,darker_contrast,brightness_contrast,462,470,431,0.9329004329004329,0.924892703862661,0.07487720902360924,1.1646720782233502,1.089794869199741,452,0.9783549783549783,452,1.0,419,0.9269911504424779,47,0.734375,0.5737355097454611,0,0,0.0
G0,01_r_t,gaussian_blur_12,gaussian_blur,462,463,438,0.948051948051948,0.947027027027027,0.061258926970637555,1.1641441636706051,1.1028852366999675,455,0.9848484848484849,455,1.0,425,0.9340659340659341,48,0.75,0.5875484167334164,0,0,0.0
G0,01_r_t,local_contrast_clahe,clahe,462,512,385,0.8333333333333334,0.7905544147843943,0.21889772254538226,1.1626840735410715,0.9437863509956892,443,0.9588744588744589,443,1.0,356,0.8036117381489842,48,0.75,0.584146034509612,0,0,0.0
G0,01_r_t,low_frequency_shading,low_frequency_shading,462,458,407,0.8809523809523809,0.8847826086956522,0.09616968894253784,1.1664626511953387,1.0702929622528008,439,0.9502164502164502,439,1.0,395,0.8997722095671982,48,0.75,0.5852897031120209,0,0,0.0
G0,10_r_t,identity,identity,341,341,341,1.0,1.0,0.0,1.1672951079184009,1.1672951079184009,341,1.0,341,1.0,341,1.0,39,0.609375,0.41648280767746915,0,0,0.0
G0,10_r_t,gamma_075,gamma,341,341,309,0.906158357771261,0.906158357771261,0.08822822773340837,1.1686997620033215,1.0804715342699132,325,0.9530791788856305,325,1.0,295,0.9076923076923077,38,0.59375,0.41212522683756286,0,0,0.0
G0,10_r_t,gamma_135,gamma,341,321,286,0.8387096774193549,0.8640483383685801,0.1105334522866911,1.1709884394715715,1.0604549871848803,314,0.9208211143695014,312,0.9936305732484076,265,0.8493589743589743,38,0.59375,0.40784902620598995,0,0,0.0
G0,10_r_t,darker_contrast,brightness_contrast,341,330,286,0.8387096774193549,0.8524590163934426,0.10073042799021814,1.1685357848247448,1.0678053568345267,319,0.9354838709677419,317,0.9937304075235109,275,0.8675078864353313,34,0.53125,0.38184665423525377,0,0,0.0
G0,10_r_t,gaussian_blur_12,gaussian_blur,341,339,318,0.9325513196480938,0.9352941176470588,0.05970243679113545,1.1678707622132212,1.1081683254220858,332,0.9736070381231672,332,1.0,310,0.9337349397590361,39,0.609375,0.41427158797010744,0,0,0.0
G0,10_r_t,local_contrast_clahe,clahe,341,365,280,0.8211143695014663,0.7932011331444759,0.21184983934674945,1.1648696469409126,0.9530198075941632,324,0.9501466275659824,323,0.9969135802469136,257,0.7956656346749226,38,0.59375,0.41438768593535663,0,0,0.0
G0,10_r_t,low_frequency_shading,low_frequency_shading,341,345,323,0.9472140762463344,0.9416909620991254,0.07301074658569537,1.1674725001810504,1.0944617535953551,334,0.9794721407624634,334,1.0,313,0.937125748502994,39,0.609375,0.4161863113354481,0,0,0.0
G0,20_r_t,identity,identity,600,600,600,1.0,1.0,0.0,0.9999592839678129,0.9999592839678129,600,1.0,600,1.0,600,1.0,61,0.953125,0.8222780571752294,19,19,1.0
G0,20_r_t,gamma_075,gamma,600,592,533,0.8883333333333333,0.8942953020134228,0.1280055499336845,0.9981238096113724,0.8701182596776879,556,0.9266666666666666,556,1.0,514,0.9244604316546763,61,0.953125,0.7972842701313139,19,15,0.7894736842105263
G0,20_r_t,gamma_135,gamma,600,577,513,0.855,0.8717077315208156,0.1516903250552641,0.9998819736244619,0.8481916485691977,590,0.9833333333333333,543,0.9203389830508475,496,0.9134438305709024,61,0.953125,0.8166449769920207,19,15,0.7894736842105263
G0,20_r_t,darker_contrast,brightness_contrast,600,598,538,0.8966666666666666,0.8981636060100167,0.12675969316849145,0.9999352147366478,0.8731755215681564,594,0.99,562,0.9461279461279462,527,0.9377224199288257,61,0.953125,0.8222780571752294,19,17,0.8947368421052632
G0,20_r_t,gaussian_blur_12,gaussian_blur,600,594,534,0.89,0.8944723618090452,0.11367548779629813,0.9998302361491914,0.8861547483528933,592,0.9866666666666667,560,0.9459459459459459,525,0.9375,61,0.953125,0.8139896063257246,19,17,0.8947368421052632
G0,20_r_t,local_contrast_clahe,clahe,600,686,467,0.7783333333333333,0.7262830482115086,0.25228151567360063,1.1594249429998869,0.9071434273262862,555,0.925,545,0.9819819819819819,434,0.7963302752293578,61,0.953125,0.7952881074667707,19,11,0.5789473684210527
G0,20_r_t,low_frequency_shading,low_frequency_shading,600,593,543,0.905,0.9103101424979044,0.1329672814142748,0.999973359468014,0.8670060780537392,596,0.9933333333333333,565,0.947986577181208,522,0.9238938053097345,61,0.953125,0.8222780571752294,19,16,0.8421052631578947
G0,30_r_t,identity,identity,652,652,652,1.0,1.0,0.0,0.9999999826305483,0.9999999826305483,652,1.0,652,1.0,652,1.0,60,0.9375,0.8155054339983646,16,16,1.0
G0,30_r_t,gamma_075,gamma,652,636,593,0.9095092024539877,0.9208074534161491,0.1138369967410275,1.1592279401235597,1.0453909433825321,615,0.9432515337423313,612,0.9951219512195122,583,0.9526143790849673,60,0.9375,0.8006484522390692,16,12,0.75
G0,30_r_t,gamma_135,gamma,652,649,594,0.911042944785276,0.9131437355880092,0.10394108512435699,0.999887714080939,0.8959466289565821,647,0.9923312883435583,616,0.9520865533230294,580,0.9415584415584416,60,0.9375,0.81147603135071,16,13,0.8125
G0,30_r_t,darker_contrast,brightness_contrast,652,645,604,0.9263803680981595,0.9313801079414032,0.09040887579815277,0.9999267159905655,0.9095178401924127,645,0.9892638036809815,618,0.958139534883721,595,0.9627831715210357,60,0.9375,0.8119530260436431,16,14,0.875
G0,30_r_t,gaussian_blur_12,gaussian_blur,652,638,583,0.8941717791411042,0.9038759689922481,0.12099404028564129,0.9999668392677046,0.8789727989820633,644,0.9877300613496932,606,0.9409937888198758,569,0.9389438943894389,60,0.9375,0.8150284393054316,16,14,0.875
G0,30_r_t,local_contrast_clahe,clahe,652,721,559,0.8573619631901841,0.8142753095411508,0.22906986214820302,1.1556613093411987,0.9265914471929957,611,0.9371165644171779,605,0.9901800327332242,530,0.8760330578512396,59,0.921875,0.8041023213741723,16,12,0.75
G0,30_r_t,low_frequency_shading,low_frequency_shading,652,637,590,0.9049079754601227,0.9154383242823895,0.13986733980729418,0.9999311254186145,0.8600637856113204,642,0.9846625766871165,607,0.9454828660436138,570,0.9390444810543658,60,0.9375,0.81147603135071,16,14,0.875
G0,39_r_t,identity,identity,318,318,318,1.0,1.0,0.0,1.1671353897208687,1.1671353897208687,318,1.0,318,1.0,318,1.0,37,0.578125,0.4098149889617627,0,0,0.0
G0,39_r_t,gamma_075,gamma,318,314,286,0.89937106918239,0.9050632911392406,0.10794163576060242,1.1680296230149436,1.0600879872543412,304,0.9559748427672956,303,0.9967105263157895,273,0.900990099009901,36,0.5625,0.40615299121942156,0,0,0.0
G0,39_r_t,gamma_135,gamma,318,293,256,0.8050314465408805,0.8379705400981997,0.11156020060298033,1.1660111057572067,1.0544509051542263,286,0.89937106918239,285,0.9965034965034965,235,0.8245614035087719,36,0.5625,0.3963729656064243,0,0,0.0
G0,39_r_t,darker_contrast,brightness_contrast,318,311,288,0.9056603773584906,0.9157392686804452,0.11253939130498718,1.1654498899976413,1.052910498692654,303,0.9528301886792453,303,1.0,269,0.8877887788778878,36,0.5625,0.40489879829675357,0,0,0.0
G0,39_r_t,gaussian_blur_12,gaussian_blur,318,315,291,0.9150943396226415,0.919431279620853,0.06652256763216965,1.1679478830488277,1.101425315416658,309,0.9716981132075472,309,1.0,279,0.9029126213592233,36,0.5625,0.40761660701017377,0,0,0.0
G0,39_r_t,local_contrast_clahe,clahe,318,354,253,0.7955974842767296,0.7529761904761905,0.23750413047230762,1.1675764793463848,0.9300723488740772,303,0.9528301886792453,303,1.0,224,0.7392739273927392,36,0.5625,0.4006939309342135,0,0,0.0
G0,39_r_t,low_frequency_shading,low_frequency_shading,318,314,291,0.9150943396226415,0.9208860759493671,0.08842862334704071,1.1669183615147043,1.0784897381676637,306,0.9622641509433962,306,1.0,278,0.9084967320261438,36,0.5625,0.4073451163837449,0,0,0.0
G0,40_r_t,identity,identity,320,320,320,1.0,1.0,0.0,1.1668502368032931,1.1668502368032931,320,1.0,320,1.0,320,1.0,39,0.609375,0.4117514806955876,0,0,0.0
G0,40_r_t,gamma_075,gamma,320,316,257,0.803125,0.8081761006289309,0.15278066926661169,1.1695850208575624,1.0168043515909508,295,0.921875,295,1.0,240,0.8135593220338984,37,0.578125,0.4060479448874028,0,0,0.0
G0,40_r_t,gamma_135,gamma,320,298,246,0.76875,0.7961165048543689,0.14755114475340864,1.170151337617781,1.0226001928643724,285,0.890625,282,0.9894736842105263,227,0.8049645390070922,36,0.5625,0.3925146060170896,0,0,0.0
G0,40_r_t,darker_contrast,brightness_contrast,320,325,274,0.85625,0.8496124031007752,0.13984280900798574,1.168312769084081,1.0284699600760954,300,0.9375,299,0.9966666666666667,256,0.8561872909698997,37,0.578125,0.39694653420781895,0,0,0.0
G0,40_r_t,gaussian_blur_12,gaussian_blur,320,333,278,0.86875,0.8514548238897397,0.12747787535458588,1.167189021333516,1.0397111459789303,310,0.96875,310,1.0,264,0.8516129032258064,38,0.59375,0.40445137459990854,0,0,0.0
G0,40_r_t,local_contrast_clahe,clahe,320,370,233,0.728125,0.6753623188405797,0.28826033909177573,1.164993869388564,0.8767335302967882,299,0.934375,299,1.0,208,0.6956521739130435,35,0.546875,0.39611609885831045,0,0,0.0
G0,40_r_t,low_frequency_shading,low_frequency_shading,320,336,285,0.890625,0.8689024390243902,0.13968715305652535,1.1678453359687537,1.0281581829122284,308,0.9625,308,1.0,270,0.8766233766233766,38,0.59375,0.40686040737882945,0,0,0.0
G0,50_r_t,identity,identity,318,318,318,1.0,1.0,0.0,1.1756582147670243,1.1756582147670243,318,1.0,318,1.0,318,1.0,37,0.578125,0.40537290219907407,0,0,0.0
G0,50_r_t,gamma_075,gamma,318,314,279,0.8773584905660378,0.8829113924050633,0.10804143004573374,1.176051107145125,1.0680096770993912,303,0.9528301886792453,300,0.9900990099009901,267,0.89,36,0.5625,0.4008069031850137,0,0,0.0
G0,50_r_t,gamma_135,gamma,318,310,271,0.8522012578616353,0.8630573248407644,0.11719864720952906,1.1791051102740298,1.0619064630645008,297,0.9339622641509434,297,1.0,256,0.8619528619528619,35,0.546875,0.39097597307956106,0,0,0.0
G0,50_r_t,darker_contrast,brightness_contrast,318,317,283,0.889937106918239,0.8913385826771654,0.10229331642626242,1.1781520639207255,1.075858747494463,305,0.9591194968553459,304,0.9967213114754099,269,0.8848684210526315,35,0.546875,0.401374555255487,0,0,0.0
G0,50_r_t,gaussian_blur_12,gaussian_blur,318,307,289,0.9088050314465409,0.9248,0.060118149224810534,1.176993787907399,1.1168756386825884,305,0.9591194968553459,304,0.9967213114754099,281,0.9243421052631579,36,0.5625,0.40280077410550985,0,0,0.0
G0,50_r_t,local_contrast_clahe,clahe,318,347,242,0.7610062893081762,0.7278195488721805,0.24846854667402496,1.1774292268043707,0.9289606801303457,296,0.9308176100628931,293,0.9898648648648649,227,0.7747440273037542,35,0.546875,0.39786102894947417,0,0,0.0
G0,50_r_t,low_frequency_shading,low_frequency_shading,318,326,284,0.8930817610062893,0.8819875776397516,0.11022896468508202,1.17579012836369,1.065561163678608,305,0.9591194968553459,304,0.9967213114754099,271,0.8914473684210527,37,0.578125,0.4045655748099566,0,0,0.0
G0,60_r_t,identity,identity,284,284,284,1.0,1.0,0.0,1.1683434906979682,1.1683434906979682,284,1.0,284,1.0,284,1.0,36,0.5625,0.3796062984039209,0,0,0.0
G0,60_r_t,gamma_075,gamma,284,277,250,0.8802816901408451,0.8912655971479501,0.12074930736422539,1.168452835083008,1.0477035277187825,268,0.9436619718309859,267,0.996268656716418,237,0.8876404494382022,35,0.546875,0.37492453632258804,0,0,0.0
G0,60_r_t,gamma_135,gamma,284,277,247,0.8697183098591549,0.8805704099821747,0.12442218108849246,1.1707104960916497,1.0462883150031572,268,0.9436619718309859,267,0.996268656716418,241,0.9026217228464419,35,0.546875,0.3769140535693873,0,0,0.0
G0,60_r_t,darker_contrast,brightness_contrast,284,273,243,0.8556338028169014,0.8725314183123878,0.11386959548319073,1.169759019412131,1.0558894239289403,269,0.9471830985915493,267,0.9925650557620818,235,0.8801498127340824,34,0.53125,0.37666846171982166,0,0,0.0
G0,60_r_t,gaussian_blur_12,gaussian_blur,284,283,261,0.9190140845070423,0.9206349206349206,0.08502446771581511,1.168132215395741,1.0831077476799258,277,0.9753521126760564,276,0.9963898916967509,252,0.9130434782608695,36,0.5625,0.37671758008973477,0,0,0.0
G0,60_r_t,local_contrast_clahe,clahe,284,325,217,0.7640845070422535,0.7126436781609196,0.2769507180710542,1.1743497161821286,0.8973989981110744,267,0.9401408450704225,266,0.9962546816479401,193,0.7255639097744361,33,0.515625,0.35963566225851623,0,0,0.0
G0,60_r_t,low_frequency_shading,low_frequency_shading,284,291,253,0.8908450704225352,0.88,0.13800407148779853,1.1672127517786892,1.0292086802908906,275,0.9683098591549296,275,1.0,241,0.8763636363636363,36,0.5625,0.3776062876871856,0,0,0.0
G7,01_r_t,identity,identity,497,497,497,1.0,1.0,0.0,1.1633585859352433,1.1633585859352433,497,1.0,497,1.0,497,1.0,49,0.765625,0.5922454656535541,0,0,0.0
G7,01_r_t,gamma_075,gamma,497,490,453,0.9114688128772636,0.9179331306990881,0.09866528288681249,1.165876420260002,1.0672111373731896,472,0.9496981891348089,471,0.9978813559322034,432,0.9171974522292994,47,0.734375,0.5868058259537795,0,0,0.0
G7,01_r_t,gamma_135,gamma,497,501,458,0.9215291750503019,0.9178356713426854,0.1033714701824183,1.1641496832454048,1.0607782130629866,479,0.9637826961770624,477,0.9958246346555324,443,0.9287211740041929,48,0.75,0.5846769034798861,0,0,0.0
G7,01_r_t,darker_contrast,brightness_contrast,497,505,469,0.9436619718309859,0.936127744510978,0.08119339200812997,1.1647479624382213,1.0835545704300913,483,0.971830985915493,482,0.9979296066252588,459,0.9522821576763485,47,0.734375,0.5807552407811202,0,0,0.0
G7,01_r_t,gaussian_blur_12,gaussian_blur,497,492,469,0.9436619718309859,0.948432760364004,0.0622995712998897,1.1645691243570242,1.1022695530571345,483,0.971830985915493,483,1.0,457,0.9461697722567288,49,0.765625,0.589563308413433,0,0,0.0
G7,01_r_t,local_contrast_clahe,clahe,497,540,406,0.8169014084507042,0.7830279652844745,0.23945022508355196,1.1655448152513928,0.9260945901678408,467,0.9396378269617707,464,0.9935760171306209,368,0.7931034482758621,48,0.75,0.5846801482585736,0,0,0.0
G7,01_r_t,low_frequency_shading,low_frequency_shading,497,486,449,0.903420523138833,0.91353001017294,0.10507457568942837,1.1657534862945234,1.060678910605095,474,0.9537223340040242,472,0.9957805907172996,437,0.9258474576271186,49,0.765625,0.5897919494259523,0,0,0.0
G7,10_r_t,identity,identity,351,351,351,1.0,1.0,0.0,1.170561588727511,1.170561588727511,351,1.0,351,1.0,351,1.0,39,0.609375,0.4106563643118427,0,0,0.0
G7,10_r_t,gamma_075,gamma,351,353,325,0.9259259259259259,0.9232954545454546,0.09405401080846787,1.17388895878425,1.0798349479757823,340,0.9686609686609686,338,0.9941176470588236,311,0.9201183431952663,38,0.59375,0.4078287090620713,0,0,0.0
G7,10_r_t,gamma_135,gamma,351,336,287,0.8176638176638177,0.8355167394468704,0.11257327428470505,1.1773443708021052,1.0647710965174002,328,0.9344729344729344,325,0.9908536585365854,267,0.8215384615384616,37,0.578125,0.39287305848479653,0,0,0.0
G7,10_r_t,darker_contrast,brightness_contrast,351,345,293,0.8347578347578347,0.8419540229885057,0.10796723078694767,1.1745088279450713,1.0665415971581236,329,0.9373219373219374,327,0.993920972644377,278,0.8501529051987767,35,0.546875,0.37764558238311613,0,0,0.0
G7,10_r_t,gaussian_blur_12,gaussian_blur,351,350,323,0.9202279202279202,0.9215406562054208,0.06069366163905745,1.1738680088114075,1.11317434717235,340,0.9686609686609686,339,0.9970588235294118,313,0.9233038348082596,39,0.609375,0.40998991733824874,0,0,0.0
G7,10_r_t,local_contrast_clahe,clahe,351,377,278,0.792022792022792,0.7637362637362637,0.21793604451868173,1.1752493525151726,0.9573133079964908,335,0.9544159544159544,333,0.9940298507462687,254,0.7627627627627628,37,0.578125,0.3993869357638889,0,0,0.0
G7,10_r_t,low_frequency_shading,low_frequency_shading,351,352,328,0.9344729344729344,0.9331436699857752,0.07585069333293998,1.1737859781558921,1.0979352848229522,345,0.9829059829059829,342,0.991304347826087,321,0.9385964912280702,39,0.609375,0.4100251932584591,0,0,0.0
G7,20_r_t,identity,identity,663,663,663,1.0,1.0,0.0,0.9950097799301147,0.9950097799301147,661,0.9969834087481146,661,1.0,661,1.0,61,0.953125,0.8182030594466327,14,14,1.0
G7,20_r_t,gamma_075,gamma,663,666,603,0.9095022624434389,0.90744920993228,0.12966494744714616,0.994353832988992,0.8646888855418459,620,0.9351432880844646,620,1.0,586,0.9451612903225807,61,0.953125,0.8135845950755977,14,11,0.7857142857142857
G7,20_r_t,gamma_135,gamma,663,640,576,0.8687782805429864,0.884113584036838,0.1578147942135628,0.999143839503328,0.8413290452897652,649,0.9788838612368024,593,0.9137134052388289,554,0.9342327150084317,61,0.953125,0.8068092996595567,14,9,0.6428571428571429
G7,20_r_t,darker_contrast,brightness_contrast,663,656,601,0.9064856711915535,0.9112964366944655,0.12352386625567312,0.9946155525285273,0.8710916862728542,614,0.9260935143288085,614,1.0,582,0.9478827361563518,61,0.953125,0.8155630541555992,14,13,0.9285714285714286
G7,20_r_t,gaussian_blur_12,gaussian_blur,663,636,591,0.8914027149321267,0.9099307159353349,0.1138075845987361,0.997317779286057,0.883510194687321,605,0.9125188536953243,603,0.996694214876033,583,0.966832504145937,61,0.953125,0.8172656045406688,14,9,0.6428571428571429
G7,20_r_t,local_contrast_clahe,clahe,663,726,528,0.7963800904977375,0.7602591792656588,0.26748667579765123,0.9968260364098982,0.7293393606122469,596,0.8989441930618401,596,1.0,477,0.8003355704697986,61,0.953125,0.8083999500291275,14,10,0.7142857142857143
G7,20_r_t,low_frequency_shading,low_frequency_shading,663,656,597,0.9004524886877828,0.9052312357846853,0.1314966534350186,0.9960722529908121,0.8645755995557936,613,0.9245852187028658,613,1.0,588,0.9592169657422512,61,0.953125,0.815223011720441,14,11,0.7857142857142857
G7,30_r_t,identity,identity,694,694,694,1.0,1.0,0.0,0.9989407686060375,0.9989407686060375,694,1.0,694,1.0,694,1.0,60,0.9375,0.8172380470741654,15,15,1.0
G7,30_r_t,gamma_075,gamma,694,689,622,0.8962536023054755,0.8994938539407086,0.12183337804780513,0.9971817650404007,0.8753483869925955,643,0.9265129682997119,643,1.0,605,0.9409020217729394,60,0.9375,0.8044097958943718,15,13,0.8666666666666667
G7,30_r_t,gamma_135,gamma,694,671,630,0.9077809798270894,0.9230769230769231,0.10884568560868502,1.1566369586520724,1.0477912730433874,654,0.9423631123919308,650,0.9938837920489296,618,0.9507692307692308,60,0.9375,0.8078708466722605,15,11,0.7333333333333333
G7,30_r_t,darker_contrast,brightness_contrast,694,686,636,0.9164265129682997,0.9217391304347826,0.09099676314764803,0.9991137453782484,0.9081169822306003,682,0.9827089337175793,657,0.9633431085043989,627,0.954337899543379,60,0.9375,0.816555289964673,15,12,0.8
G7,30_r_t,gaussian_blur_12,gaussian_blur,694,672,614,0.8847262247838616,0.8989751098096632,0.11927890543998841,0.9989135369221628,0.8796346314821744,684,0.9855907780979827,640,0.935672514619883,599,0.9359375,60,0.9375,0.8171391742246498,15,13,0.8666666666666667
G7,30_r_t,local_contrast_clahe,clahe,694,738,565,0.8141210374639769,0.7891061452513967,0.24161599544824752,0.9998338871297583,0.7582178916815108,628,0.9048991354466859,627,0.9984076433121019,527,0.8405103668261563,60,0.9375,0.8017960119502536,15,10,0.6666666666666666
G7,30_r_t,low_frequency_shading,low_frequency_shading,694,678,615,0.8861671469740634,0.8965014577259475,0.14338232076507273,0.9972683200022069,0.8538859992371342,639,0.920749279538905,639,1.0,596,0.9327073552425665,60,0.9375,0.8060655820938597,15,12,0.8
G7,39_r_t,identity,identity,340,340,340,1.0,1.0,0.0,1.1682598110507516,1.1682598110507516,340,1.0,340,1.0,340,1.0,39,0.609375,0.40915390035579563,0,0,0.0
G7,39_r_t,gamma_075,gamma,340,339,301,0.8852941176470588,0.8865979381443299,0.11360157798493027,1.1662672617506744,1.0526656837657442,317,0.9323529411764706,316,0.9968454258675079,288,0.9113924050632911,38,0.59375,0.4063136306155693,0,0,0.0
G7,39_r_t,gamma_135,gamma,340,311,270,0.7941176470588235,0.8294930875576036,0.12102214727136824,1.1674853603045146,1.0464632130331464,301,0.8852941176470588,298,0.9900332225913622,257,0.8624161073825504,36,0.5625,0.3954909559685071,0,0,0.0
G7,39_r_t,darker_contrast,brightness_contrast,340,333,293,0.861764705882353,0.8707280832095097,0.11798925666653459,1.169271074057439,1.0512818173909044,312,0.9176470588235294,312,1.0,281,0.9006410256410257,37,0.578125,0.39826792999114086,0,0,0.0
G7,39_r_t,gaussian_blur_12,gaussian_blur,340,334,315,0.9264705882352942,0.9347181008902077,0.06934237347117492,1.1665741683944824,1.0972317949233075,329,0.9676470588235294,327,0.993920972644377,304,0.9296636085626911,39,0.609375,0.4042998890817901,0,0,0.0
G7,39_r_t,local_contrast_clahe,clahe,340,376,275,0.8088235294117647,0.7681564245810056,0.245198548625816,1.171681966348128,0.9264834177223119,325,0.9558823529411765,324,0.9969230769230769,245,0.7561728395061729,38,0.59375,0.39728757198073844,0,0,0.0
G7,39_r_t,low_frequency_shading,low_frequency_shading,340,336,316,0.9294117647058824,0.9349112426035503,0.09166713406131426,1.1677277518224112,1.076060617761097,327,0.961764705882353,326,0.9969418960244648,310,0.950920245398773,39,0.609375,0.40915390035579563,0,0,0.0
G7,40_r_t,identity,identity,336,336,336,1.0,1.0,0.0,1.1589536496571131,1.1589536496571131,336,1.0,336,1.0,336,1.0,38,0.59375,0.41501573127429126,0,0,0.0
G7,40_r_t,gamma_075,gamma,336,331,282,0.8392857142857143,0.8455772113943029,0.15548953458878165,1.1611851248758058,1.0056955902870242,311,0.9255952380952381,308,0.9903536977491961,265,0.8603896103896104,38,0.59375,0.4072731133187586,0,0,0.0
G7,40_r_t,gamma_135,gamma,336,317,276,0.8214285714285714,0.8453292496171516,0.13640819430567216,1.16427598785663,1.027867793550958,308,0.9166666666666666,305,0.9902597402597403,266,0.8721311475409836,37,0.578125,0.406851476766118,0,0,0.0
G7,40_r_t,darker_contrast,brightness_contrast,336,344,290,0.8630952380952381,0.8529411764705882,0.13441405170436563,1.161913830658485,1.0274997789541194,319,0.9494047619047619,316,0.9905956112852664,279,0.8829113924050633,38,0.59375,0.40716896004801095,0,0,0.0
G7,40_r_t,gaussian_blur_12,gaussian_blur,336,334,291,0.8660714285714286,0.8686567164179104,0.12287718883341121,1.1629913781107086,1.0401141892772974,320,0.9523809523809523,315,0.984375,277,0.8793650793650793,38,0.59375,0.41171430702017603,0,0,0.0
G7,40_r_t,local_contrast_clahe,clahe,336,384,253,0.7529761904761905,0.7027777777777777,0.2828251964489933,1.1581175937482961,0.8752923972993029,317,0.9434523809523809,314,0.9905362776025236,232,0.7388535031847133,37,0.578125,0.4053944473022405,0,0,0.0
G7,40_r_t,low_frequency_shading,low_frequency_shading,336,341,293,0.8720238095238095,0.8655834564254062,0.13256690291363632,1.1611817470996453,1.028614844186009,318,0.9464285714285714,315,0.9905660377358491,281,0.8920634920634921,38,0.59375,0.40859674175525834,0,0,0.0
G7,50_r_t,identity,identity,331,331,331,1.0,1.0,0.0,1.1655672277208542,1.1655672277208542,331,1.0,331,1.0,331,1.0,39,0.609375,0.4120032123413923,0,0,0.0
G7,50_r_t,gamma_075,gamma,331,325,289,0.8731117824773413,0.8810975609756098,0.11279322619462921,1.165892692791962,1.0530994665973328,313,0.945619335347432,312,0.9968051118210862,276,0.8846153846153846,39,0.609375,0.4025610987868656,0,0,0.0
G7,50_r_t,gamma_135,gamma,331,319,277,0.8368580060422961,0.8523076923076923,0.11796563031279654,1.172302189071256,1.0543365587584594,309,0.9335347432024169,307,0.9935275080906149,260,0.8469055374592834,36,0.5625,0.4064205747027892,0,0,0.0
G7,50_r_t,darker_contrast,brightness_contrast,331,321,298,0.9003021148036254,0.9141104294478528,0.09981886126201024,1.1696210477576159,1.0698021864956055,315,0.9516616314199395,314,0.9968253968253968,287,0.9140127388535032,38,0.59375,0.4101147226508916,0,0,0.0
G7,50_r_t,gaussian_blur_12,gaussian_blur,331,326,307,0.9274924471299094,0.9345509893455098,0.06261041472857083,1.1696013907267915,1.1069909759982206,319,0.9637462235649547,319,1.0,296,0.9278996865203761,39,0.609375,0.4092560442386831,0,0,0.0
G7,50_r_t,local_contrast_clahe,clahe,331,372,251,0.7583081570996979,0.7140825035561877,0.2539056515491816,1.1684520432198664,0.9145463916706849,314,0.9486404833836858,311,0.9904458598726115,226,0.7266881028938906,36,0.5625,0.4022378106067101,0,0,0.0
G7,50_r_t,low_frequency_shading,low_frequency_shading,331,339,299,0.9033232628398792,0.8925373134328358,0.10664034677812687,1.169863205290957,1.06322285851283,322,0.972809667673716,321,0.9968944099378882,290,0.9034267912772586,38,0.59375,0.4086723170653292,0,0,0.0
G7,60_r_t,identity,identity,305,305,305,1.0,1.0,0.0,1.1627946019172668,1.1627946019172668,305,1.0,305,1.0,305,1.0,37,0.578125,0.39631804233824874,0,0,0.0
G7,60_r_t,gamma_075,gamma,305,300,261,0.8557377049180328,0.8628099173553719,0.12537616451352948,1.1665162060452603,1.041140041531731,284,0.9311475409836065,280,0.9859154929577465,248,0.8857142857142857,36,0.5625,0.3857132746413466,0,0,0.0
G7,60_r_t,gamma_135,gamma,305,312,265,0.8688524590163934,0.8589951377633711,0.13457726032104134,1.161043576924306,1.0264663166032646,289,0.9475409836065574,288,0.9965397923875432,251,0.8715277777777778,36,0.5625,0.3957867825145748,0,0,0.0
G7,60_r_t,darker_contrast,brightness_contrast,305,302,270,0.8852459016393442,0.8896210873146623,0.11898218656855601,1.1621722938837828,1.0431901073152268,290,0.9508196721311475,290,1.0,256,0.8827586206896552,37,0.578125,0.39449485775320076,0,0,0.0
G7,60_r_t,gaussian_blur_12,gaussian_blur,305,304,276,0.9049180327868852,0.9064039408866995,0.08749428562873947,1.1638540470081826,1.0763597613794431,294,0.9639344262295082,293,0.9965986394557823,268,0.9146757679180887,36,0.5625,0.39411552997828075,0,0,0.0
G7,60_r_t,local_contrast_clahe,clahe,305,349,237,0.7770491803278688,0.7247706422018348,0.28648576492498695,1.1661689017392411,0.8796831368142541,288,0.9442622950819672,285,0.9895833333333334,218,0.7649122807017544,37,0.578125,0.3907158689843393,0,0,0.0
G7,60_r_t,low_frequency_shading,low_frequency_shading,305,307,260,0.8524590163934426,0.8496732026143791,0.14333252888172865,1.1592096058221963,1.0158770769404677,286,0.9377049180327869,283,0.9895104895104895,246,0.8692579505300353,36,0.5625,0.39433276713248744,0,0,0.0
G15,01_r_t,identity,identity,462,462,462,1.0,1.0,0.0,1.19154827109663,1.19154827109663,462,1.0,462,1.0,462,1.0,47,0.734375,0.5909322573647205,0,0,0.0
G15,01_r_t,gamma_075,gamma,462,465,415,0.8982683982683982,0.895361380798274,0.09268306054803262,1.1910377801182759,1.0983547195702432,445,0.9632034632034632,445,1.0,396,0.8898876404494382,46,0.71875,0.586117469332206,0,0,0.0
G15,01_r_t,gamma_135,gamma,462,464,427,0.9242424242424242,0.9222462203023758,0.09679638133744166,1.1920416980493265,1.0952453167118847,449,0.9718614718614719,449,1.0,410,0.9131403118040089,47,0.734375,0.5833102722276611,0,0,0.0
G15,01_r_t,darker_contrast,brightness_contrast,462,470,435,0.9415584415584416,0.9334763948497854,0.07903155832626353,1.191611799700507,1.1125802413742434,453,0.9805194805194806,453,1.0,421,0.9293598233995585,46,0.71875,0.5811398629405482,0,0,0.0
G15,01_r_t,gaussian_blur_12,gaussian_blur,462,453,422,0.9134199134199135,0.9224043715846995,0.06314205646656136,1.1915351069086535,1.128393050442092,442,0.9567099567099567,441,0.997737556561086,413,0.9365079365079365,46,0.71875,0.5873540776670226,0,0,0.0
G15,01_r_t,local_contrast_clahe,clahe,462,492,374,0.8095238095238095,0.7840670859538784,0.23117946833372116,1.192006725997211,0.9608272576634898,433,0.9372294372294372,431,0.9953810623556582,339,0.7865429234338747,45,0.703125,0.5794997431989438,0,0,0.0
G15,01_r_t,low_frequency_shading,low_frequency_shading,462,459,421,0.9112554112554112,0.9142236699239956,0.10161359173703646,1.1909526129233299,1.0893390211862934,445,0.9632034632034632,444,0.9977528089887641,403,0.9076576576576577,47,0.734375,0.5871431670523318,0,0,0.0
G15,10_r_t,identity,identity,327,327,327,1.0,1.0,0.0,1.1916419628563277,1.1916419628563277,327,1.0,327,1.0,327,1.0,39,0.609375,0.41689205300497256,0,0,0.0
G15,10_r_t,gamma_075,gamma,327,332,295,0.9021406727828746,0.8952959028831563,0.09153128847227258,1.1926601888769763,1.1011289004047038,314,0.9602446483180428,314,1.0,260,0.8280254777070064,35,0.546875,0.3977914818029835,0,0,0.0
G15,10_r_t,gamma_135,gamma,327,317,280,0.8562691131498471,0.8695652173913043,0.11650983242850219,1.1896353821669305,1.0731255497384284,305,0.9327217125382263,305,1.0,262,0.8590163934426229,39,0.609375,0.412010914994856,0,0,0.0
G15,10_r_t,darker_contrast,brightness_contrast,327,316,273,0.8348623853211009,0.8491446345256609,0.10415657709315146,1.1938940906699325,1.089737513576781,306,0.9357798165137615,305,0.9967320261437909,259,0.8491803278688524,34,0.53125,0.3812755415523548,0,0,0.0
G15,10_r_t,gaussian_blur_12,gaussian_blur,327,326,307,0.9388379204892966,0.9402756508422665,0.06256047841950231,1.1914104986268457,1.1288500202073433,319,0.9755351681957186,319,1.0,300,0.9404388714733543,39,0.609375,0.4130420658650549,0,0,0.0
G15,10_r_t,local_contrast_clahe,clahe,327,352,252,0.7706422018348624,0.7422680412371134,0.22219809777443372,1.192647860873313,0.9704497630988793,310,0.9480122324159022,310,1.0,228,0.7354838709677419,37,0.578125,0.41033754143804296,0,0,0.0
G15,10_r_t,low_frequency_shading,low_frequency_shading,327,330,310,0.9480122324159022,0.943683409436834,0.07654006848292004,1.1904651982168997,1.1139251297339796,318,0.9724770642201835,318,1.0,300,0.9433962264150944,39,0.609375,0.41689205300497256,0,0,0.0
G15,20_r_t,identity,identity,575,575,575,1.0,1.0,0.0,1.1857778547121132,1.1857778547121132,575,1.0,575,1.0,575,1.0,61,0.953125,0.8125808352350768,15,15,1.0
G15,20_r_t,gamma_075,gamma,575,588,509,0.8852173913043478,0.8753224419604472,0.1269256830918063,1.1843463496281261,1.05742066653632,544,0.9460869565217391,544,1.0,496,0.9117647058823529,61,0.953125,0.8117637981069857,15,15,1.0
G15,20_r_t,gamma_135,gamma,575,551,478,0.831304347826087,0.8490230905861457,0.152283851782086,0.9999999840389235,0.8477161322568375,571,0.9930434782608696,513,0.8984238178633975,458,0.8927875243664717,61,0.953125,0.8047553498228306,15,10,0.6666666666666666
G15,20_r_t,darker_contrast,brightness_contrast,575,584,513,0.8921739130434783,0.8852459016393442,0.12331582017271955,0.9999999841983788,0.8766841640256592,571,0.9930434782608696,544,0.9527145359019265,496,0.9117647058823529,61,0.953125,0.8098339403769995,15,12,0.8
G15,20_r_t,gaussian_blur_12,gaussian_blur,575,570,504,0.8765217391304347,0.880349344978166,0.10976643145586999,1.1864072909903904,1.0766408595345205,535,0.9304347826086956,535,1.0,486,0.908411214953271,61,0.953125,0.8116042988311626,15,14,0.9333333333333333
G15,20_r_t,local_contrast_clahe,clahe,575,667,470,0.8173913043478261,0.7568438003220612,0.25969103574752805,0.9999999837672456,0.7403089480197176,563,0.9791304347826087,528,0.9378330373001776,441,0.8352272727272727,61,0.953125,0.7951327835646602,15,11,0.7333333333333333
G15,20_r_t,low_frequency_shading,low_frequency_shading,575,578,512,0.8904347826086957,0.8881179531656548,0.1317820617405232,1.1851383403409272,1.053356278600404,541,0.9408695652173913,540,0.9981515711645101,489,0.9055555555555556,61,0.953125,0.8117075140693393,15,13,0.8666666666666667
G15,30_r_t,identity,identity,609,609,609,1.0,1.0,0.0,1.188223572983139,1.188223572983139,609,1.0,609,1.0,609,1.0,60,0.9375,0.8218708747307719,18,18,1.0
G15,30_r_t,gamma_075,gamma,609,608,556,0.9129720853858785,0.913722267871816,0.11763423561326249,1.1881348307398583,1.0705005951265958,579,0.9507389162561576,577,0.9965457685664939,541,0.9376083188908145,60,0.9375,0.8163830975527634,18,17,0.9444444444444444
G15,30_r_t,gamma_135,gamma,609,600,548,0.8998357963875205,0.9065343258891646,0.1049995704921112,0.9998963645992488,0.8948967941071376,568,0.9326765188834154,568,1.0,535,0.9419014084507042,60,0.9375,0.8152353708266304,18,14,0.7777777777777778
G15,30_r_t,darker_contrast,brightness_contrast,609,612,564,0.9261083743842364,0.9238329238329238,0.09294274055022508,1.1887108537744968,1.0957681132242718,584,0.9589490968801314,584,1.0,551,0.9434931506849316,60,0.9375,0.816612075047165,18,13,0.7222222222222222
G15,30_r_t,gaussian_blur_12,gaussian_blur,609,608,548,0.8998357963875205,0.9005751848808545,0.12132924568098392,1.1868212829976186,1.0654920373166346,576,0.9458128078817734,576,1.0,529,0.9184027777777778,60,0.9375,0.8203941285560823,18,17,0.9444444444444444
G15,30_r_t,local_contrast_clahe,clahe,609,679,520,0.8538587848932676,0.8074534161490683,0.2373776690174754,0.9999657538074713,0.762588084789996,596,0.9786535303776683,565,0.947986577181208,488,0.863716814159292,59,0.921875,0.8093703068799469,18,15,0.8333333333333334
G15,30_r_t,low_frequency_shading,low_frequency_shading,609,608,545,0.8949096880131363,0.895645028759244,0.13726371585502536,1.1869502320202119,1.0496865161651865,574,0.9425287356321839,573,0.9982578397212544,528,0.9214659685863874,60,0.9375,0.8110474709928437,18,14,0.7777777777777778
G15,39_r_t,identity,identity,291,291,291,1.0,1.0,0.0,1.1962148078118813,1.1962148078118813,291,1.0,291,1.0,291,1.0,38,0.59375,0.4086691913508802,0,0,0.0
G15,39_r_t,gamma_075,gamma,291,282,258,0.8865979381443299,0.900523560209424,0.10834263146732205,1.1983079462088355,1.0899653147415134,273,0.9381443298969072,273,1.0,242,0.8864468864468864,37,0.578125,0.4032212943315615,0,0,0.0
G15,39_r_t,gamma_135,gamma,291,280,237,0.8144329896907216,0.830122591943958,0.11837298885176453,1.1963350335253944,1.0779620446736298,265,0.9106529209621993,265,1.0,224,0.8452830188679246,37,0.578125,0.3966685688871742,0,0,0.0
G15,39_r_t,darker_contrast,brightness_contrast,291,290,263,0.9037800687285223,0.9053356282271945,0.11335145563113826,1.1954779167139031,1.0821264610827648,280,0.9621993127147767,280,1.0,245,0.875,37,0.578125,0.4025894534822245,0,0,0.0
G15,39_r_t,gaussian_blur_12,gaussian_blur,291,288,266,0.9140893470790378,0.918825561312608,0.06987738857199823,1.1967881707320536,1.1269107821600552,280,0.9621993127147767,280,1.0,256,0.9142857142857143,38,0.59375,0.40719787290666437,0,0,0.0
G15,39_r_t,local_contrast_clahe,clahe,291,341,226,0.7766323024054983,0.7151898734177216,0.2455728185915314,1.195105297903044,0.9495324793115127,274,0.9415807560137457,274,1.0,202,0.7372262773722628,34,0.53125,0.3938193685342364,0,0,0.0
G15,39_r_t,low_frequency_shading,low_frequency_shading,291,293,264,0.9072164948453608,0.9041095890410958,0.08935824895249397,1.1960684408744175,1.1067101919219235,286,0.9828178694158075,286,1.0,255,0.8916083916083916,38,0.59375,0.40626652163351623,0,0,0.0
G15,40_r_t,identity,identity,306,306,306,1.0,1.0,0.0,1.201796217291963,1.201796217291963,306,1.0,306,1.0,306,1.0,39,0.609375,0.41412512592163925,0,0,0.0
G15,40_r_t,gamma_075,gamma,306,313,264,0.8627450980392157,0.8529886914378029,0.14980077974949824,1.1998791365009365,1.0500783567514382,291,0.9509803921568627,291,1.0,248,0.852233676975945,39,0.609375,0.4127336248285322,0,0,0.0
G15,40_r_t,gamma_135,gamma,306,288,242,0.7908496732026143,0.8148148148148148,0.13806337761608037,1.2019617301373442,1.0638983525212637,273,0.8921568627450981,273,1.0,227,0.8315018315018315,37,0.578125,0.4008379370641861,0,0,0.0
G15,40_r_t,darker_contrast,brightness_contrast,306,299,256,0.8366013071895425,0.8462809917355372,0.1361507538240403,1.204246160108596,1.0680954062845558,283,0.9248366013071896,282,0.9964664310954063,244,0.8652482269503546,38,0.59375,0.4022226285651006,0,0,0.0
G15,40_r_t,gaussian_blur_12,gaussian_blur,306,314,275,0.8986928104575164,0.8870967741935484,0.12644365152174777,1.2025998986851085,1.0761562471633608,289,0.9444444444444444,289,1.0,262,0.9065743944636678,38,0.59375,0.41138074863540236,0,0,0.0
G15,40_r_t,local_contrast_clahe,clahe,306,350,215,0.7026143790849673,0.6554878048780488,0.2882246041020682,1.1971801391867705,0.9089555350847023,279,0.9117647058823529,278,0.996415770609319,183,0.658273381294964,38,0.59375,0.4094700440457819,0,0,0.0
G15,40_r_t,low_frequency_shading,low_frequency_shading,306,310,268,0.8758169934640523,0.8701298701298701,0.1385906686617145,1.2004574875333416,1.0618668188716271,288,0.9411764705882353,288,1.0,256,0.8888888888888888,39,0.609375,0.4134040905778464,0,0,0.0
G15,50_r_t,identity,identity,310,310,310,1.0,1.0,0.0,1.2060593278177323,1.2060593278177323,310,1.0,310,1.0,310,1.0,38,0.59375,0.4095081107824646,0,0,0.0
G15,50_r_t,gamma_075,gamma,310,311,282,0.9096774193548387,0.9082125603864735,0.10974316153648897,1.203964167664237,1.094221006127748,300,0.967741935483871,300,1.0,271,0.9033333333333333,38,0.59375,0.404366087248514,0,0,0.0
G15,50_r_t,gamma_135,gamma,310,312,271,0.8741935483870967,0.8713826366559485,0.11703761697942701,1.2037178638676436,1.0866802468882166,298,0.9612903225806452,298,1.0,258,0.8657718120805369,37,0.578125,0.40539388913894603,0,0,0.0
G15,50_r_t,darker_contrast,brightness_contrast,310,304,279,0.9,0.9087947882736156,0.09629642407953953,1.2067748852955398,1.1104784612160001,296,0.9548387096774194,296,1.0,272,0.918918918918919,38,0.59375,0.4076633810942501,0,0,0.0
G15,50_r_t,gaussian_blur_12,gaussian_blur,310,305,286,0.9225806451612903,0.9300813008130081,0.060211580565811454,1.2077427593978134,1.147531178832002,301,0.9709677419354839,301,1.0,283,0.9401993355481728,37,0.578125,0.4068170939071788,0,0,0.0
G15,50_r_t,local_contrast_clahe,clahe,310,352,240,0.7741935483870968,0.7250755287009063,0.25384604608019196,1.201486616830031,0.9476405707498392,296,0.9548387096774194,296,1.0,216,0.7297297297297297,32,0.5,0.3665851301726109,0,0,0.0
G15,50_r_t,low_frequency_shading,low_frequency_shading,310,310,288,0.9290322580645162,0.9290322580645162,0.10535904440459692,1.2041768572396703,1.0988178128350734,300,0.967741935483871,300,1.0,275,0.9166666666666666,38,0.59375,0.40824677336962734,0,0,0.0
G15,60_r_t,identity,identity,286,286,286,1.0,1.0,0.0,1.1951275792988865,1.1951275792988865,286,1.0,286,1.0,286,1.0,36,0.5625,0.40148920199617055,0,0,0.0
G15,60_r_t,gamma_075,gamma,286,283,242,0.8461538461538461,0.8506151142355008,0.1294633846206606,1.193869302588061,1.0644059179674004,272,0.951048951048951,271,0.9963235294117647,221,0.8154981549815498,36,0.5625,0.38982459383573387,0,0,0.0
G15,60_r_t,gamma_135,gamma,286,280,253,0.8846153846153846,0.8939929328621908,0.12913553481516632,1.195726435646238,1.0665909008310717,266,0.9300699300699301,266,1.0,242,0.9097744360902256,36,0.5625,0.3961325088591678,0,0,0.0
G15,60_r_t,darker_contrast,brightness_contrast,286,279,254,0.8881118881118881,0.8991150442477877,0.11963580061102241,1.1955029483385913,1.075867147727569,268,0.9370629370629371,267,0.996268656716418,240,0.898876404494382,35,0.546875,0.3784618403849451,0,0,0.0
G15,60_r_t,gaussian_blur_12,gaussian_blur,286,288,262,0.916083916083916,0.9128919860627178,0.09117914818739163,1.192815485573907,1.1016363373865155,278,0.972027972027972,278,1.0,246,0.8848920863309353,36,0.5625,0.40148920199617055,0,0,0.0
G15,60_r_t,local_contrast_clahe,clahe,286,329,215,0.7517482517482518,0.6991869918699187,0.27827942385229953,1.193395834468132,0.9151164106158324,262,0.916083916083916,262,1.0,198,0.7557251908396947,34,0.53125,0.3843043588534522,0,0,0.0
G15,60_r_t,low_frequency_shading,low_frequency_shading,286,290,253,0.8846153846153846,0.8784722222222222,0.13897575174454643,1.1932054543683652,1.0542297026238188,274,0.958041958041958,273,0.9963503649635036,240,0.8791208791208791,36,0.5625,0.401133540344936,0,0,0.0
