pair_id,seed_label,detected_query,detected_refer,ratio_matches,inverse_consistency_matches,returned_matches,legacy_lmeds_inliers,ransac_inliers,ransac_inlier_rate,match_grid_cells,inlier_grid_cells,inlier_grid_coverage,match_hull_fraction,inlier_hull_fraction,control_point_count,legacy_lmeds_control_mean_error,legacy_lmeds_control_median_error,legacy_lmeds_control_points_under25,ransac_control_mean_error,ransac_control_median_error,ransac_control_points_under25,final_outer_border_matches,inlier_outer_border_matches,detected_vessel_core_count,detected_vessel_edge_count,detected_non_vessel_count,detected_grid_occupied_cells,detected_grid_coverage,detected_grid_entropy,final_vessel_core_count,final_vessel_edge_count,final_non_vessel_count,final_grid_occupied_cells,final_grid_coverage,final_grid_entropy,inlier_vessel_core_count,inlier_vessel_edge_count,inlier_non_vessel_count,inlier_grid_occupied_cells,inlier_grid_entropy
01_r_t,G0_seed3407_epoch149,462,428,215,201,180,178,161,0.8944444444444445,38,34,0.53125,0.49640513286905186,0.4740789695695384,12,2.7912261486053467,2.566943407058716,12,3.3686106204986572,3.3895418643951416,12,0,0,86,25,69,38,0.59375,0.832040371853287,86,25,69,38,0.59375,0.832040371853287,76,23,62,34,0.8069154716208802
02_r_t,G0_seed3407_epoch149,448,461,201,184,169,168,130,0.7692307692307693,41,35,0.546875,0.5065027682597603,0.4225351965779637,12,3.340975522994995,3.1807470321655273,12,3.9928712844848633,3.8419084548950195,12,0,0,106,25,38,41,0.640625,0.840063250738512,106,25,38,41,0.640625,0.840063250738512,77,22,31,35,0.7912019378388339
03_r_t,G0_seed3407_epoch149,462,428,196,179,166,165,144,0.8674698795180723,40,36,0.5625,0.46593921046190817,0.4014909526299395,12,3.7787389755249023,2.8203845024108887,12,4.437341690063477,3.6879031658172607,12,0,0,94,22,50,40,0.625,0.8221260049522453,94,22,50,40,0.625,0.8221260049522453,82,19,43,36,0.8013041497336689
04_r_t,G0_seed3407_epoch149,484,461,178,165,141,140,120,0.851063829787234,36,32,0.5,0.45684421168565326,0.4200140035377358,12,4.7744598388671875,4.798208236694336,12,5.984241962432861,5.922124862670898,12,0,0,102,15,24,36,0.5625,0.8022602759975399,102,15,24,36,0.5625,0.8022602759975399,87,13,20,32,0.7726890363455499
05_r_t,G0_seed3407_epoch149,337,429,73,62,38,38,35,0.9210526315789473,16,16,0.25,0.19174103634402148,0.19143650245056013,12,8.113804817199707,6.983705043792725,12,7.378197193145752,6.877992630004883,12,0,0,23,6,9,16,0.25,0.6175090132796736,23,6,9,16,0.25,0.6175090132796736,23,4,8,16,0.6155249670789686
06_r_t,G0_seed3407_epoch149,342,459,69,59,43,43,34,0.7906976744186046,19,14,0.21875,0.2570167824074074,0.23728336566215136,12,6.527729034423828,5.1567535400390625,12,5.053849697113037,5.427886962890625,12,0,0,27,6,10,19,0.296875,0.6674804998970019,27,6,10,19,0.296875,0.6674804998970019,23,4,7,14,0.5936246746156094
07_r_t,G0_seed3407_epoch149,661,426,131,42,40,40,40,1.0,18,18,0.28125,0.3596005536879573,0.3596005536879573,12,3.4540412425994873,3.182417869567871,12,3.4540412425994873,3.182417869567871,12,0,0,19,6,15,18,0.28125,0.6478876908760016,19,6,15,18,0.28125,0.6478876908760016,19,6,15,18,0.6478876908760016
08_r_t,G0_seed3407_epoch149,648,458,138,128,108,107,103,0.9537037037037037,33,32,0.5,0.4635885700313721,0.43710584472152597,12,5.753093719482422,6.1453776359558105,12,6.034976482391357,5.779480934143066,12,0,0,58,13,37,33,0.515625,0.7652133775326596,58,13,37,33,0.515625,0.7652133775326596,56,11,36,32,0.7654605509629172
09_r_t,G0_seed3407_epoch149,336,429,56,45,31,31,25,0.8064516129032258,19,16,0.25,0.2404066241926726,0.18961577378400776,12,6.393300533294678,6.1367926597595215,12,7.841867923736572,6.822307109832764,12,0,0,16,3,12,19,0.296875,0.6777973689121838,16,3,12,19,0.296875,0.6777973689121838,12,3,10,16,0.6388782815858514
10_r_t,G0_seed3407_epoch149,341,459,50,43,27,25,24,0.8888888888888888,14,13,0.203125,0.2434871274148377,0.21933406207133058,12,10.302130699157715,10.953142166137695,12,10.707417488098145,10.472265243530273,12,0,0,17,5,5,14,0.21875,0.5979764663832513,17,5,5,14,0.21875,0.5979764663832513,15,5,4,13,0.5783625869107242
11_r_t,G0_seed3407_epoch149,434,423,217,207,185,185,148,0.8,40,33,0.515625,0.4219697938916578,0.33487054723656107,12,4.329211711883545,4.446624755859375,12,4.2670087814331055,3.7893991470336914,12,0,0,117,25,43,40,0.625,0.8407392989758994,117,25,43,40,0.625,0.8407392989758994,90,20,38,33,0.7833771757307235
12_r_t,G0_seed3407_epoch149,404,404,193,187,163,162,154,0.9447852760736196,32,31,0.484375,0.38163765834519997,0.3713390784457696,12,4.391021728515625,3.500612497329712,12,4.652082443237305,3.9462623596191406,12,0,0,106,22,35,32,0.5,0.7802697116418664,106,22,35,32,0.5,0.7802697116418664,99,22,33,31,0.7740193657251808
13_r_t,G0_seed3407_epoch149,313,408,89,78,49,49,36,0.7346938775510204,16,11,0.171875,0.1802154108439072,0.12490310285208048,12,8.722037315368652,7.129519462585449,12,8.042078971862793,7.0258283615112305,12,0,0,37,2,10,16,0.25,0.6184372701207395,37,2,10,16,0.25,0.6184372701207395,28,2,6,11,0.5427011438071396
14_r_t,G0_seed3407_epoch149,600,426,124,34,33,30,31,0.9393939393939394,20,18,0.28125,0.38426298307403706,0.3527673040847848,12,6.107729434967041,5.461714744567871,12,6.85942268371582,7.202934265136719,12,0,0,11,4,18,20,0.3125,0.6777795122845381,11,4,18,20,0.3125,0.6777795122845381,11,3,17,18,0.6522334576102297
15_r_t,G0_seed3407_epoch149,670,405,175,68,64,64,57,0.890625,24,22,0.34375,0.4094944323896766,0.34232035204078903,12,5.094037055969238,5.549982070922852,12,6.450580596923828,6.329362869262695,12,0,0,43,5,16,24,0.375,0.7285030120090339,43,5,16,24,0.375,0.7285030120090339,36,5,16,22,0.6965493784177172
16_r_t,G0_seed3407_epoch149,323,418,57,48,34,34,28,0.8235294117647058,18,15,0.234375,0.20342015675011432,0.1713198507873228,12,11.132916450500488,9.689980506896973,11,13.058791160583496,12.028463363647461,11,0,0,20,8,6,18,0.28125,0.6603385985099076,20,8,6,18,0.28125,0.6603385985099076,17,6,5,15,0.6255723976981309
17_r_t,G0_seed3407_epoch149,279,408,74,65,48,48,43,0.8958333333333334,17,15,0.234375,0.1911300708018976,0.15789792131058528,12,10.12206745147705,9.975488662719727,12,10.835883140563965,11.225485801696777,12,0,0,41,1,6,17,0.265625,0.6477514326364066,41,1,6,17,0.265625,0.6477514326364066,38,1,4,15,0.6247690657549326
18_r_t,G0_seed3407_epoch149,328,418,185,173,130,122,124,0.9538461538461539,25,23,0.359375,0.2616371465263489,0.2386875928783722,12,5.127163410186768,4.489561557769775,12,5.356439113616943,4.628000736236572,12,0,0,71,24,35,25,0.390625,0.7181047790567645,71,24,35,25,0.390625,0.7181047790567645,69,23,32,23,0.7030724105414558
19_r_t,G0_seed3407_epoch149,313,398,121,116,101,101,77,0.7623762376237624,22,17,0.265625,0.21892291898862598,0.14930242984110653,12,3.613823652267456,3.109651565551758,12,4.995581150054932,3.293276309967041,12,0,0,65,13,23,22,0.34375,0.6803307807796358,65,13,23,22,0.34375,0.6803307807796358,52,10,15,17,0.6198003585151408
20_r_t,G0_seed3407_epoch149,600,434,226,106,105,103,105,1.0,42,42,0.65625,0.6467924445109535,0.6467924445109535,12,2.7916834354400635,2.722858428955078,12,2.889686346054077,2.8238511085510254,12,1,1,47,18,40,42,0.65625,0.8516417380159762,47,18,40,42,0.65625,0.8516417380159762,47,18,40,42,0.8516417380159762
21_r_t,G0_seed3407_epoch149,670,402,169,65,65,65,65,1.0,27,27,0.421875,0.42089754501386895,0.42089754501386895,12,2.501722574234009,2.5967769622802734,12,2.501722574234009,2.5967769622802734,12,0,0,418,99,153,60,0.9375,0.9715128654154955,44,5,16,27,0.421875,0.7642816150297318,44,5,16,27,0.7642816150297318
22_r_t,G0_seed3407_epoch149,323,418,158,149,103,102,94,0.912621359223301,23,22,0.34375,0.2483475017504001,0.24460791931012804,12,5.990293025970459,4.641228675842285,12,6.201862335205078,4.622336387634277,12,0,0,78,12,13,23,0.359375,0.6907864093347562,78,12,13,23,0.359375,0.6907864093347562,71,11,12,22,0.6816908098984783
23_r_t,G0_seed3407_epoch149,279,398,108,102,89,89,81,0.9101123595505618,18,18,0.28125,0.20424590352794925,0.20424590352794925,12,5.337055206298828,5.96321439743042,12,6.042120456695557,6.185287952423096,12,0,0,67,10,12,18,0.28125,0.645412640711372,67,10,12,18,0.28125,0.645412640711372,63,9,9,18,0.6453503678690999
24_r_t,G0_seed3407_epoch149,442,397,145,133,123,123,117,0.9512195121951219,29,29,0.453125,0.3675034023822238,0.35720447482793405,12,6.947197437286377,6.5244340896606445,12,6.5553412437438965,6.202690601348877,12,0,0,71,21,31,29,0.453125,0.7539818325253503,71,21,31,29,0.453125,0.7539818325253503,68,21,28,29,0.7540740751060111
25_r_t,G0_seed3407_epoch149,428,462,216,208,198,198,185,0.9343434343434344,36,34,0.53125,0.4436705260991456,0.41866162613474545,12,3.5679943561553955,3.048628807067871,12,3.4782371520996094,2.4154231548309326,12,0,0,124,30,44,36,0.5625,0.8058918364757827,124,30,44,36,0.5625,0.8058918364757827,113,29,43,34,0.7962415685529857
26_r_t,G0_seed3407_epoch149,486,397,167,153,120,120,105,0.875,21,21,0.328125,0.25642477768630595,0.2268063219413789,12,10.56346607208252,8.411449432373047,10,9.55229663848877,7.221932411193848,12,0,0,84,14,22,21,0.328125,0.7022863197679211,84,14,22,21,0.328125,0.7022863197679211,73,12,20,21,0.6918918031724277
27_r_t,G0_seed3407_epoch149,456,462,247,235,218,214,208,0.9541284403669725,41,41,0.640625,0.4594505801664293,0.4594505801664293,12,4.689577102661133,3.574000835418701,12,4.1384148597717285,2.729598045349121,12,0,0,130,36,52,41,0.640625,0.8298741170916871,130,36,52,41,0.640625,0.8298741170916871,124,35,49,41,0.8311061232986414
28_r_t,G0_seed3407_epoch149,345,404,62,52,34,34,28,0.8235294117647058,14,12,0.1875,0.17916595221764975,0.1650438627043324,12,9.771026611328125,9.091257095336914,11,11.57397747039795,10.468976974487305,11,0,0,20,2,12,14,0.21875,0.5833312164287965,20,2,12,14,0.21875,0.5833312164287965,16,2,10,12,0.561555210185253
29_r_t,G0_seed3407_epoch149,320,461,72,62,45,45,43,0.9555555555555556,15,15,0.234375,0.22476019072216508,0.2247512601094536,12,8.152995109558105,5.208433628082275,12,8.10842227935791,5.570527076721191,12,0,0,30,10,5,15,0.234375,0.5845672755136576,30,10,5,15,0.234375,0.5845672755136576,28,10,5,15,0.584047215263938
30_r_t,G0_seed3407_epoch149,652,398,140,46,45,44,44,0.9777777777777777,19,19,0.296875,0.40684908262029085,0.40684908262029085,12,6.0106587409973145,5.183095932006836,12,6.10842752456665,5.1123127937316895,12,0,0,30,4,11,19,0.296875,0.6827385252420893,30,4,11,19,0.296875,0.6827385252420893,29,4,11,19,0.684341349236388
31_r_t,G0_seed3407_epoch149,652,456,148,51,49,48,45,0.9183673469387755,23,21,0.328125,0.4307180239860188,0.3843615218936556,12,5.489341735839844,3.9275922775268555,12,5.379947185516357,4.0619587898254395,12,1,1,27,3,19,23,0.359375,0.7111621848446853,27,3,19,23,0.359375,0.7111621848446853,24,3,18,21,0.6883302845173744
32_r_t,G0_seed3407_epoch149,310,404,61,51,33,33,27,0.8181818181818182,11,10,0.15625,0.13456848172439415,0.12056762527863511,12,11.309073448181152,9.27126693725586,11,11.547135353088379,11.177423477172852,12,0,0,23,4,6,11,0.171875,0.5359914621777353,23,4,6,11,0.171875,0.5359914621777353,22,2,3,10,0.5133498864786421
33_r_t,G0_seed3407_epoch149,428,464,190,183,160,160,155,0.96875,36,36,0.5625,0.4234643621321348,0.4234643621321348,12,4.151559352874756,2.5247397422790527,12,4.179346561431885,2.6766905784606934,12,0,0,110,13,37,36,0.5625,0.8043720736932649,110,13,37,36,0.5625,0.8043720736932649,106,13,36,36,0.801773374021283
34_r_t,G0_seed3407_epoch149,465,433,203,194,174,174,152,0.8735632183908046,37,35,0.546875,0.3881449461181322,0.37090613226088764,12,4.133508682250977,3.6920199394226074,12,3.769052743911743,2.4710402488708496,12,0,0,99,27,48,37,0.578125,0.8127198178263215,99,27,48,37,0.578125,0.8127198178263215,88,21,43,35,0.8002315767152933
35_r_t,G0_seed3407_epoch149,263,461,32,23,14,14,12,0.8571428571428571,11,10,0.15625,0.1576617066043667,0.1385707358110425,12,15.677416801452637,11.607198715209961,10,18.03062629699707,13.816835403442383,10,0,0,9,0,5,11,0.171875,0.5541438262695594,9,0,5,11,0.171875,0.5541438262695594,7,0,5,10,0.531453645923478
36_r_t,G0_seed3407_epoch149,318,431,53,45,28,28,22,0.7857142857142857,12,10,0.15625,0.15280445798325332,0.11020141657378829,12,13.48791217803955,12.402692794799805,10,13.383822441101074,11.315962791442871,10,0,0,12,7,9,12,0.1875,0.5638787787897959,12,7,9,12,0.1875,0.5638787787897959,9,6,7,10,0.5169181259779797
37_r_t,G0_seed3407_epoch149,565,462,140,127,101,101,95,0.9405940594059405,30,29,0.453125,0.49931590677091964,0.4939847896146097,12,8.508809089660645,4.965892791748047,11,8.788613319396973,4.798387050628662,11,1,1,61,19,21,30,0.46875,0.7638969430042803,61,19,21,30,0.46875,0.7638969430042803,57,18,20,29,0.7540764613893669
38_r_t,G0_seed3407_epoch149,623,432,104,84,78,76,66,0.8461538461538461,26,23,0.359375,0.42616586454954064,0.3550201687251816,12,9.31319808959961,5.517089366912842,11,9.625228881835938,7.14186954498291,12,2,1,48,11,19,26,0.40625,0.7440304714165473,48,11,19,26,0.40625,0.7440304714165473,38,9,19,23,0.7115441827817839
39_r_t,G0_seed3407_epoch149,318,461,34,26,20,20,20,1.0,10,10,0.15625,0.1532880506615798,0.1532880506615798,12,20.701656341552734,11.749167442321777,8,20.701656341552734,11.749167442321777,8,0,0,16,1,3,10,0.15625,0.4703213491478938,16,1,3,10,0.15625,0.4703213491478938,16,1,3,10,0.4703213491478938
40_r_t,G0_seed3407_epoch149,320,431,24,18,11,11,11,1.0,7,7,0.109375,0.034019271369170094,0.034019271369170094,12,90.0472640991211,74.98872375488281,3,90.0472640991211,74.98872375488281,3,0,0,9,1,1,7,0.109375,0.42505678492439813,9,1,1,7,0.109375,0.42505678492439813,9,1,1,7,0.42505678492439813
41_r_t,G0_seed3407_epoch149,428,466,269,263,204,201,202,0.9901960784313726,37,37,0.578125,0.45635865373205176,0.45202780126379494,12,3.5667569637298584,3.1819047927856445,12,3.66780686378479,3.4465548992156982,12,0,0,126,22,56,37,0.578125,0.817216046479773,126,22,56,37,0.578125,0.817216046479773,125,22,55,37,0.8159678115488113
42_r_t,G0_seed3407_epoch149,465,457,273,259,205,203,164,0.8,38,33,0.515625,0.4436378465423638,0.37737958162750684,12,3.411104917526245,3.007534980773926,12,3.4995334148406982,2.838822603225708,12,0,0,134,26,45,38,0.59375,0.8205577709278058,134,26,45,38,0.59375,0.8205577709278058,108,17,39,33,0.7819705023367014
43_r_t,G0_seed3407_epoch149,263,470,36,30,23,23,18,0.782608695652174,12,10,0.15625,0.19329719560899633,0.1343184245684728,12,11.776854515075684,10.853228569030762,11,16.36972999572754,14.49763011932373,10,0,0,12,0,11,12,0.1875,0.5400880433694519,12,0,11,12,0.1875,0.5400880433694519,11,0,7,10,0.47730439834846927
44_r_t,G0_seed3407_epoch149,318,474,70,62,42,42,29,0.6904761904761905,14,11,0.171875,0.18631200524405578,0.10341348111711249,12,6.792137622833252,6.108022689819336,12,13.106114387512207,8.7496919631958,11,0,0,17,8,17,14,0.21875,0.591473848378918,17,8,17,14,0.21875,0.591473848378918,12,5,12,11,0.5366188152550153
45_r_t,G0_seed3407_epoch149,565,471,172,157,143,143,116,0.8111888111888111,39,34,0.53125,0.5572188203132933,0.4838571701521573,12,4.80250883102417,4.119232654571533,12,4.7867655754089355,3.3879902362823486,12,2,1,91,24,28,39,0.609375,0.8236935691041661,91,24,28,39,0.609375,0.8236935691041661,75,23,18,34,0.7914391631933476
46_r_t,G0_seed3407_epoch149,623,471,156,136,119,119,107,0.8991596638655462,37,36,0.5625,0.537678405367994,0.5315631530284487,12,7.556478977203369,6.931153297424316,12,7.582479476928711,6.569330215454102,12,1,1,80,15,24,37,0.578125,0.8030808320741982,80,15,24,37,0.578125,0.8030808320741982,72,14,21,36,0.7982384909399969
47_r_t,G0_seed3407_epoch149,318,470,52,47,29,29,26,0.896551724137931,13,12,0.1875,0.17915769140089163,0.1568082749271262,12,15.604732513427734,10.570068359375,8,15.458133697509766,10.880670547485352,8,0,0,24,3,2,13,0.203125,0.5452956830959745,24,3,2,13,0.203125,0.5452956830959745,23,2,1,12,0.52215734083016
48_r_t,G0_seed3407_epoch149,320,474,42,30,17,17,13,0.7647058823529411,7,6,0.09375,0.08669559738654549,0.07820894775948788,12,36.07404327392578,27.910449981689453,5,47.476654052734375,36.35020446777344,5,0,0,13,2,2,7,0.109375,0.4311479734993023,13,2,2,7,0.109375,0.4311479734993023,10,1,2,6,0.4082186388377409
49_r_t,G0_seed3407_epoch149,263,425,65,56,48,48,43,0.8958333333333334,20,18,0.28125,0.247881323766861,0.22004527374114083,12,8.048598289489746,8.207157135009766,12,6.762997150421143,7.0245866775512695,12,0,0,20,3,25,20,0.3125,0.6820467345238576,20,3,25,20,0.3125,0.6820467345238576,20,3,20,18,0.6528508971418958
50_r_t,G0_seed3407_epoch149,318,469,119,110,76,76,70,0.9210526315789473,19,18,0.28125,0.21199856842278236,0.20897778867312528,12,7.999362945556641,6.262921333312988,12,7.817114353179932,4.622047424316406,12,0,0,32,9,35,19,0.296875,0.6650628646784463,32,9,35,19,0.296875,0.6650628646784463,31,9,30,18,0.6592352877064834
51_r_t,G0_seed3407_epoch149,565,432,182,164,138,138,138,1.0,35,35,0.546875,0.5121782290002085,0.5121782290002085,12,3.631239652633667,2.718737840652466,12,3.631239652633667,2.718737840652466,12,0,0,90,23,25,35,0.546875,0.8154377726366923,90,23,25,35,0.546875,0.8154377726366923,90,23,25,35,0.8154377726366923
52_r_t,G0_seed3407_epoch149,623,465,192,170,144,144,134,0.9305555555555556,43,40,0.625,0.6333699541443757,0.6151850325211508,12,5.027252674102783,4.782658576965332,12,4.936259746551514,4.587575912475586,12,1,1,94,18,32,43,0.671875,0.8589806069107069,94,18,32,43,0.671875,0.8589806069107069,85,18,31,40,0.8466986649561181
53_r_t,G0_seed3407_epoch149,318,425,93,81,53,53,51,0.9622641509433962,18,17,0.265625,0.24537729159522176,0.22889216195844764,12,12.403815269470215,11.422578811645508,11,12.787402153015137,12.177152633666992,12,0,0,42,5,6,18,0.28125,0.6316060633290849,42,5,6,18,0.28125,0.6316060633290849,41,5,5,17,0.6202932973371968
54_r_t,G0_seed3407_epoch149,320,469,82,72,47,47,41,0.8723404255319149,19,17,0.265625,0.26071427933527663,0.2164811778406493,12,12.187054634094238,10.5350341796875,11,11.084778785705566,9.152058601379395,12,0,0,33,8,6,19,0.296875,0.6575068636067533,33,8,6,19,0.296875,0.6575068636067533,27,8,6,17,0.627136399203607
55_r_t,G0_seed3407_epoch149,472,485,218,205,184,184,182,0.9891304347826086,33,33,0.515625,0.43274315444404887,0.43274315444404887,12,3.3726511001586914,2.1355130672454834,12,3.2761199474334717,2.253138542175293,12,0,0,112,34,38,33,0.515625,0.7887067362131269,112,34,38,33,0.515625,0.7887067362131269,111,34,37,33,0.7896617111699533
56_r_t,G0_seed3407_epoch149,417,466,240,233,210,209,203,0.9666666666666667,41,41,0.640625,0.48956653001512995,0.48939444085973655,12,2.3715572357177734,2.547671318054199,12,2.3918540477752686,2.3425490856170654,12,0,0,125,35,50,41,0.640625,0.842661392242756,125,35,50,41,0.640625,0.842661392242756,122,33,48,41,0.8407819478575437
57_r_t,G0_seed3407_epoch149,499,485,206,196,154,154,140,0.9090909090909091,32,32,0.5,0.4304353056025276,0.4165191451213362,12,3.802764654159546,3.3941378593444824,12,3.5465333461761475,3.422816276550293,12,0,0,119,11,24,32,0.5,0.7821667563644334,119,11,24,32,0.5,0.7821667563644334,108,10,22,32,0.7695470431834738
58_r_t,G0_seed3407_epoch149,476,466,199,185,156,156,152,0.9743589743589743,35,34,0.53125,0.4236450267740596,0.4236450267740596,12,5.882256984710693,3.8892080783843994,12,5.9076457023620605,4.4674153327941895,12,0,0,111,20,25,35,0.546875,0.8018272457360188,111,20,25,35,0.546875,0.8018272457360188,107,20,25,34,0.7952479889838391
59_r_t,G0_seed3407_epoch149,328,483,40,35,24,24,21,0.875,13,11,0.171875,0.1607368514589049,0.11134207908236168,12,17.475807189941406,17.068958282470703,10,20.741676330566406,18.971294403076172,9,0,0,13,1,10,13,0.203125,0.5671845280604686,13,1,10,13,0.203125,0.5671845280604686,12,1,8,11,0.5355855426681785
60_r_t,G0_seed3407_epoch149,284,467,27,25,20,19,19,0.95,10,10,0.15625,0.1184200361868427,0.11236139689071788,12,20.361833572387695,18.500064849853516,8,16.20918846130371,15.070219039916992,11,0,0,5,4,11,10,0.15625,0.5284917657424448,5,4,11,10,0.15625,0.5284917657424448,4,4,11,10,0.5236059012874934
61_r_t,G0_seed3407_epoch149,338,483,39,30,19,19,16,0.8421052631578947,12,12,0.1875,0.16566454028778008,0.16566454028778008,12,17.472333908081055,16.03649139404297,10,18.12781524658203,15.664167404174805,10,0,0,10,4,5,12,0.1875,0.5610152215198654,10,4,5,12,0.1875,0.5610152215198654,7,4,5,12,0.5833333333333333
62_r_t,G0_seed3407_epoch149,319,467,51,43,29,29,23,0.7931034482758621,14,11,0.171875,0.23326235728880887,0.16540934802954962,12,12.312726020812988,9.019607543945312,10,13.448588371276855,10.327255249023438,10,0,0,15,5,9,14,0.21875,0.6099227664168744,15,5,9,14,0.21875,0.6099227664168744,12,4,7,11,0.5545807969926403
63_r_t,G0_seed3407_epoch149,499,472,241,226,208,207,201,0.9663461538461539,34,34,0.53125,0.42001226526343893,0.413725390671354,12,3.349364995956421,3.0264933109283447,12,3.1145060062408447,2.990708827972412,12,0,0,164,16,28,34,0.53125,0.8120787337889053,164,16,28,34,0.53125,0.8120787337889053,160,15,26,34,0.812302747236211
64_r_t,G0_seed3407_epoch149,476,417,219,203,180,177,174,0.9666666666666667,39,39,0.609375,0.49840449596534947,0.48364596775987895,12,4.67654275894165,4.368896484375,12,4.611405849456787,4.453309059143066,12,0,0,114,24,42,39,0.609375,0.8279978118500769,114,24,42,39,0.609375,0.8279978118500769,111,24,39,39,0.824832148737564
65_r_t,G0_seed3407_epoch149,328,464,80,73,53,52,51,0.9622641509433962,18,16,0.25,0.21907652552726337,0.2096468031978738,12,5.684089660644531,5.368924140930176,12,5.788522720336914,5.892617702484131,12,0,0,25,8,20,18,0.28125,0.6321837944901422,25,8,20,18,0.28125,0.6321837944901422,24,8,19,16,0.6102887418188301
66_r_t,G0_seed3407_epoch149,284,416,63,61,47,47,42,0.8936170212765957,17,17,0.265625,0.20261271772833792,0.1845604888260174,12,5.747106552124023,5.060756206512451,12,6.998271942138672,5.600315093994141,12,0,0,19,11,17,17,0.265625,0.6344918813525934,19,11,17,17,0.265625,0.6344918813525934,18,8,16,17,0.6377098978011532
67_r_t,G0_seed3407_epoch149,691,474,172,142,132,132,129,0.9772727272727273,38,38,0.59375,0.5364581941542096,0.5363312627933451,12,5.677925109863281,4.390824317932129,12,5.76060152053833,4.420468330383301,12,0,0,91,15,26,38,0.59375,0.8328270038557335,91,15,26,38,0.59375,0.8328270038557335,90,15,24,38,0.8296993271938302
68_r_t,G0_seed3407_epoch149,649,411,98,37,35,27,32,0.9142857142857143,14,12,0.1875,0.3302229582756575,0.3220951758066154,12,13.585254669189453,15.680339813232422,12,8.672208786010742,8.232893943786621,12,1,1,20,3,12,14,0.21875,0.5856932408575858,20,3,12,14,0.21875,0.5856932408575858,17,3,12,12,0.5592229662339028
69_r_t,G0_seed3407_epoch149,338,464,64,54,42,42,41,0.9761904761904762,18,17,0.265625,0.21600606924439872,0.20712223061699817,12,9.078248977661133,7.177888870239258,11,9.567246437072754,8.337389945983887,11,0,0,28,7,7,18,0.28125,0.6471954514740229,28,7,7,18,0.28125,0.6471954514740229,27,7,7,17,0.6352664805044199
70_r_t,G0_seed3407_epoch149,319,416,77,63,47,47,36,0.7659574468085106,15,14,0.21875,0.24633967674754229,0.21729419849537038,12,11.206019401550293,8.817614555358887,11,12.9771146774292,9.508316993713379,11,0,0,29,6,12,15,0.234375,0.5807285499386567,29,6,12,15,0.234375,0.5807285499386567,23,4,9,14,0.5770062805396261
