pair_id,seed_label,detected_query,detected_refer,detected_query_region_count,ratio_matches,inverse_consistency_matches,returned_matches,legacy_lmeds_inliers,ransac_inliers,ransac_inlier_rate,match_grid_cells,inlier_grid_cells,inlier_grid_coverage,match_hull_fraction,inlier_hull_fraction,control_point_count,legacy_lmeds_control_mean_error,legacy_lmeds_control_median_error,legacy_lmeds_control_points_under25,ransac_control_mean_error,ransac_control_median_error,ransac_control_points_under25,final_outer_border_matches,inlier_outer_border_matches,detected_vessel_core_count,detected_vessel_edge_count,detected_non_vessel_count,detected_grid_occupied_cells,detected_grid_coverage,detected_grid_entropy,final_vessel_core_count,final_vessel_edge_count,final_non_vessel_count,final_grid_occupied_cells,final_grid_coverage,final_grid_entropy,inlier_vessel_core_count,inlier_vessel_edge_count,inlier_non_vessel_count,inlier_grid_occupied_cells,inlier_grid_entropy
01_r_t,G4_seed3407_epoch149,503,434,503,210,196,178,178,161,0.9044943820224719,37,33,0.515625,0.4752350378619319,0.42415712238192715,12,2.916419744491577,2.5032742023468018,12,4.196511268615723,4.2821197509765625,12,0,0,215,84,204,48,0.75,0.9055224823984473,87,26,65,37,0.578125,0.8098105399219111,79,23,59,33,0.7866061545020168
02_r_t,G4_seed3407_epoch149,468,481,468,205,195,152,151,137,0.9013157894736842,41,38,0.59375,0.49877648666488666,0.4651850311869586,12,3.6211159229278564,2.9109482765197754,12,3.858388662338257,3.754631519317627,12,0,0,253,82,133,49,0.765625,0.9089204467817439,90,26,36,41,0.640625,0.8235523064488885,82,24,31,38,0.8018080799664157
03_r_t,G4_seed3407_epoch149,486,434,486,189,171,156,156,151,0.967948717948718,36,36,0.5625,0.4362644346297615,0.43519701832651003,12,3.6460835933685303,2.934189796447754,12,3.7221431732177734,3.3316307067871094,12,0,0,270,63,153,52,0.8125,0.9119223947911772,101,18,37,36,0.5625,0.7943450101607232,98,18,35,36,0.794049912771781
04_r_t,G4_seed3407_epoch149,489,481,489,184,169,140,140,139,0.9928571428571429,35,35,0.546875,0.4385981258158301,0.4385981258158301,12,3.469529867172241,3.0287821292877197,12,3.517561912536621,3.116780996322632,12,0,0,325,56,108,49,0.765625,0.9049355591361966,98,16,26,35,0.546875,0.801909361094229,98,16,25,35,0.8030299832030184
05_r_t,G4_seed3407_epoch149,342,437,342,74,60,36,36,29,0.8055555555555556,18,16,0.25,0.20860247967392548,0.2019143438143004,12,11.045730590820312,9.36302375793457,11,12.745757102966309,11.603720664978027,11,0,0,139,64,139,40,0.625,0.8379420114547222,20,2,14,18,0.28125,0.6323681139657075,15,1,13,16,0.5991509102046488
06_r_t,G4_seed3407_epoch149,353,477,353,68,57,34,32,23,0.6764705882352942,16,12,0.1875,0.23704893707847507,0.1827894366926726,12,5.889930248260498,4.9411821365356445,12,10.245076179504395,10.487808227539062,12,0,0,172,50,131,38,0.59375,0.8318094877089827,19,7,8,16,0.25,0.6230364393214918,14,4,5,12,0.5574094892068663
07_r_t,G4_seed3407_epoch149,677,434,677,140,115,109,109,105,0.963302752293578,31,31,0.484375,0.5316090821392878,0.5291755073246076,12,3.747671127319336,3.675642490386963,12,3.770728826522827,3.8147144317626953,12,0,0,300,114,263,61,0.953125,0.9742119248527756,53,18,38,31,0.484375,0.7865482959559464,51,18,36,31,0.7868382817292273
08_r_t,G4_seed3407_epoch149,681,481,681,137,116,106,106,93,0.8773584905660378,34,30,0.46875,0.5443170825561571,0.4632585484931243,12,5.133631229400635,5.123734474182129,12,6.3670477867126465,5.187210559844971,12,0,0,346,94,241,61,0.953125,0.9745908027451956,55,9,42,34,0.53125,0.8075431205876095,43,8,42,30,0.7808063424138977
09_r_t,G4_seed3407_epoch149,366,437,366,65,46,28,28,24,0.8571428571428571,13,10,0.15625,0.13737012656464334,0.09402696062671467,12,11.435357093811035,11.321487426757812,12,21.70792579650879,14.790624618530273,9,0,0,177,70,119,40,0.625,0.8485885486586844,15,5,8,13,0.203125,0.5927761179104705,13,4,7,10,0.5348579861712075
10_r_t,G4_seed3407_epoch149,365,477,365,45,36,18,18,15,0.8333333333333334,13,10,0.15625,0.1950101987597165,0.14232661661951304,12,16.925867080688477,15.020797729492188,9,22.355714797973633,22.313716888427734,6,0,0,225,53,87,39,0.609375,0.8387427797277877,9,3,6,13,0.203125,0.5954052085536867,7,3,5,10,0.5316496825773812
11_r_t,G4_seed3407_epoch149,484,464,484,226,207,172,171,136,0.7906976744186046,36,33,0.515625,0.394830001409161,0.35254960803073454,12,5.323009967803955,5.239619255065918,12,5.965953826904297,5.3425517082214355,12,0,0,311,56,117,50,0.78125,0.9088685162804186,123,15,34,36,0.5625,0.80888829386301,100,12,24,33,0.7893941606133149
12_r_t,G4_seed3407_epoch149,424,424,424,196,186,163,162,135,0.8282208588957055,31,29,0.453125,0.37222420771775244,0.35916860889848107,12,3.8359758853912354,3.8148133754730225,12,3.7669107913970947,3.1855199337005615,12,0,0,250,56,118,48,0.75,0.8935886735216599,112,16,35,31,0.484375,0.7741178541195798,94,15,26,29,0.7589691260728358
13_r_t,G4_seed3407_epoch149,342,426,342,88,78,58,58,58,1.0,17,17,0.265625,0.2145674591692387,0.2145674591692387,12,7.748144149780273,7.073758125305176,12,7.748144149780273,7.073758125305176,12,0,0,216,49,77,40,0.625,0.8337840885734812,47,2,9,17,0.265625,0.6379721027458183,47,2,9,17,0.6379721027458183
14_r_t,G4_seed3407_epoch149,642,470,642,137,38,36,36,36,1.0,18,18,0.28125,0.3818828530428787,0.3818828530428787,12,7.5035247802734375,7.663419246673584,12,7.5035247802734375,7.663419246673584,12,0,0,270,123,249,61,0.953125,0.973372037082326,19,6,11,18,0.28125,0.6550375443001508,19,6,11,18,0.6550375443001508
15_r_t,G4_seed3407_epoch149,700,427,700,188,152,145,144,138,0.9517241379310345,38,38,0.59375,0.5479436451480153,0.5352391520450647,12,4.751059532165527,5.095346927642822,12,4.257771015167236,4.215781211853027,12,0,0,434,109,157,62,0.96875,0.9762145425012558,98,14,33,38,0.59375,0.8294030676468435,93,12,33,38,0.828765746597631
16_r_t,G4_seed3407_epoch149,340,471,340,64,49,28,28,28,1.0,17,17,0.265625,0.23019625467964105,0.23019625467964105,12,11.942241668701172,10.955821990966797,12,11.942241668701172,10.955821990966797,12,0,0,234,44,62,40,0.625,0.8318934230558471,22,1,5,17,0.265625,0.6448885435185864,22,1,5,17,0.6448885435185864
17_r_t,G4_seed3407_epoch149,303,426,303,81,69,40,40,38,0.95,14,13,0.203125,0.15864117155349794,0.15483751196702103,12,13.09692668914795,12.168107032775879,11,13.728861808776855,12.958763122558594,11,0,0,193,52,58,39,0.609375,0.825322643705409,30,4,6,14,0.21875,0.5706821699885816,30,3,5,13,0.5537839035736172
18_r_t,G4_seed3407_epoch149,350,468,350,188,172,144,139,142,0.9861111111111112,26,26,0.40625,0.3000643450645862,0.2922039546539209,12,3.9341888427734375,3.421412706375122,12,5.460892200469971,5.863368988037109,12,0,0,182,58,110,40,0.625,0.8301907457773787,75,32,37,26,0.40625,0.736656717432637,73,32,37,26,0.7346904349291821
19_r_t,G4_seed3407_epoch149,342,423,342,122,114,91,91,85,0.9340659340659341,18,16,0.25,0.19052591485196615,0.1674989997713763,12,6.39016580581665,4.044863700866699,12,5.40502405166626,3.773442268371582,12,0,0,216,49,77,40,0.625,0.8337840885734812,62,10,19,18,0.28125,0.6407453722702011,59,7,19,16,0.6230599655391429
20_r_t,G4_seed3407_epoch149,642,486,642,244,97,96,93,86,0.8958333333333334,39,34,0.53125,0.6181543912906381,0.45165418285598236,12,2.8206987380981445,2.726951837539673,12,3.476384401321411,3.7707111835479736,12,1,0,270,123,249,61,0.953125,0.973372037082326,48,20,28,39,0.609375,0.8311741487030788,43,19,24,34,0.7999388633574606
21_r_t,G4_seed3407_epoch149,700,431,700,183,149,133,132,127,0.9548872180451128,36,35,0.546875,0.4596410047084854,0.4448421441512701,12,2.954821825027466,3.1920523643493652,12,3.319298028945923,3.1254892349243164,12,0,0,434,109,157,62,0.96875,0.9762145425012558,93,10,30,36,0.5625,0.8045007571960706,89,10,28,35,0.7934539436680947
22_r_t,G4_seed3407_epoch149,340,468,340,166,156,111,111,90,0.8108108108108109,26,23,0.359375,0.3436782202003315,0.2760619838105853,12,7.154988765716553,5.082808017730713,12,5.434375762939453,4.096348762512207,12,0,0,234,44,62,40,0.625,0.8318934230558471,84,12,15,26,0.40625,0.726381891678543,71,11,8,23,0.7084498624622498
23_r_t,G4_seed3407_epoch149,303,423,303,97,92,72,70,63,0.875,18,16,0.25,0.18418841717392548,0.1510700213620256,12,4.630342960357666,4.52781343460083,12,4.943968296051025,4.557041168212891,12,0,0,193,52,58,39,0.609375,0.825322643705409,49,14,9,18,0.28125,0.6327462965711952,44,11,8,16,0.6030904372703682
24_r_t,G4_seed3407_epoch149,458,408,458,152,145,110,110,106,0.9636363636363636,21,21,0.328125,0.22496004286816185,0.2224935475258099,12,11.076210975646973,8.40447998046875,10,11.397000312805176,8.976280212402344,10,0,0,229,90,139,46,0.71875,0.8966934336962846,74,18,18,21,0.328125,0.6753140729996964,70,18,18,21,0.670482803270618
25_r_t,G4_seed3407_epoch149,447,497,447,223,215,189,186,179,0.9470899470899471,34,34,0.53125,0.38734812118043194,0.38734812118043194,12,4.145053386688232,3.9750781059265137,12,4.22915506362915,4.169445037841797,12,0,0,246,72,129,46,0.71875,0.8956378626717276,116,34,39,34,0.53125,0.7870054287893449,109,33,37,34,0.7884834459480211
26_r_t,G4_seed3407_epoch149,507,408,507,166,154,139,139,135,0.9712230215827338,34,34,0.53125,0.360600946919129,0.360600946919129,12,6.56683349609375,6.446098327636719,12,6.604897975921631,6.356064796447754,12,0,0,334,70,103,49,0.765625,0.907022099101761,106,13,20,34,0.53125,0.7884909760808371,104,13,18,34,0.7912428414433005
27_r_t,G4_seed3407_epoch149,466,497,466,229,218,197,196,187,0.949238578680203,39,39,0.609375,0.4692406568915391,0.4482890050210632,12,4.209463596343994,3.0643951892852783,12,4.510810852050781,3.533432960510254,12,0,0,263,76,127,49,0.765625,0.9111673334517321,131,26,40,39,0.609375,0.8256514713348457,126,24,37,39,0.8210969229851248
28_r_t,G4_seed3407_epoch149,350,412,350,60,51,32,32,29,0.90625,11,10,0.15625,0.14245633376914724,0.1271734878686557,12,14.052008628845215,12.173702239990234,9,14.879764556884766,12.850101470947266,10,0,0,122,56,172,39,0.609375,0.8310341548222706,16,5,11,11,0.171875,0.5532581379644931,15,5,9,10,0.527941947414056
29_r_t,G4_seed3407_epoch149,313,493,313,82,70,51,51,45,0.8823529411764706,19,18,0.28125,0.21454278835162321,0.21454278835162321,12,6.41061544418335,5.222759246826172,12,6.433990001678467,5.117227554321289,12,0,0,147,58,108,36,0.5625,0.8181195501465822,30,10,11,19,0.296875,0.6476283560842566,27,10,8,18,0.6431460958498939
30_r_t,G4_seed3407_epoch149,683,416,683,145,46,41,39,35,0.8536585365853658,17,14,0.21875,0.3108699341025819,0.26040569935171476,12,9.593185424804688,7.926279067993164,12,8.741942405700684,7.073797225952148,12,0,0,373,110,200,60,0.9375,0.9715404522261526,28,5,8,17,0.265625,0.6495338585707896,23,5,7,14,0.6019309053062385
31_r_t,G4_seed3407_epoch149,678,489,678,152,53,53,52,53,1.0,22,22,0.34375,0.4014382993335435,0.4014382993335435,12,5.903629779815674,3.8745710849761963,12,6.158454418182373,4.173247337341309,12,0,0,284,137,257,61,0.953125,0.9745312818172843,30,5,18,22,0.34375,0.6924393273792308,30,5,18,22,0.6924393273792308
32_r_t,G4_seed3407_epoch149,318,412,318,52,46,28,28,22,0.7857142857142857,9,7,0.109375,0.10486861282578876,0.053731477909236394,12,19.90290069580078,13.349189758300781,7,18.46649742126465,14.769940376281738,9,0,0,208,41,69,39,0.609375,0.8320446059433915,24,1,3,9,0.140625,0.47313406154076887,19,1,2,7,0.4097839634774018
33_r_t,G4_seed3407_epoch149,452,489,452,192,179,154,151,142,0.922077922077922,36,33,0.515625,0.42839352861338553,0.37909479481873737,12,4.634679794311523,2.6316165924072266,12,5.28494119644165,4.540986061096191,12,0,0,252,58,142,48,0.75,0.904043890955594,99,19,36,36,0.5625,0.7999338084299401,94,16,32,33,0.7839854319288599
34_r_t,G4_seed3407_epoch149,479,452,479,180,168,155,152,139,0.896774193548387,35,31,0.484375,0.39079002017325265,0.3564440377655156,12,3.985192060470581,2.6081814765930176,12,4.748966693878174,3.0977492332458496,12,0,0,274,79,126,47,0.734375,0.906129600771856,93,23,39,35,0.546875,0.7988038008424011,83,21,35,31,0.7759006289027427
35_r_t,G4_seed3407_epoch149,277,487,277,35,25,15,15,13,0.8666666666666667,11,9,0.140625,0.16116630229766804,0.15085702624885688,12,16.151363372802734,12.40145492553711,10,16.406301498413086,11.026888847351074,9,0,0,65,47,165,38,0.59375,0.8330971085123394,8,3,4,11,0.171875,0.5538719047996035,7,3,3,9,0.5044978055598812
36_r_t,G4_seed3407_epoch149,328,449,328,47,41,25,25,21,0.84,11,10,0.15625,0.1255002259445016,0.11368011349022633,12,12.062186241149902,9.674661636352539,11,14.720733642578125,13.084293365478516,10,0,0,100,41,187,39,0.609375,0.8307440140587419,10,2,13,11,0.171875,0.5455449482525181,9,1,11,10,0.5236032013639965
37_r_t,G4_seed3407_epoch149,604,484,604,146,68,66,66,60,0.9090909090909091,22,19,0.296875,0.42794774703515065,0.36009675509996847,12,8.858589172363281,5.98481559753418,11,9.393874168395996,4.996710300445557,11,0,0,304,99,201,62,0.96875,0.9743704388022562,50,8,8,22,0.34375,0.693876348381911,45,7,8,19,0.6618290494946943
38_r_t,G4_seed3407_epoch149,661,444,661,104,36,29,29,29,1.0,10,10,0.15625,0.10447135760439102,0.10447135760439102,12,18.00775909423828,9.6832275390625,9,18.00775909423828,9.6832275390625,9,0,0,363,117,181,60,0.9375,0.9735692429400136,16,4,9,10,0.15625,0.5158737550571025,16,4,9,10,0.5158737550571025
39_r_t,G4_seed3407_epoch149,332,487,332,26,23,15,10,12,0.8,10,7,0.109375,0.16656619727366256,0.13164392932670324,12,67.85755157470703,49.84380340576172,4,27.809885025024414,26.664249420166016,5,0,0,204,48,80,39,0.609375,0.8313675796959646,13,1,1,10,0.15625,0.5178150992680866,11,0,1,7,0.43082708345352605
40_r_t,G4_seed3407_epoch149,313,449,313,24,19,9,7,9,1.0,7,7,0.109375,0.10641785086591221,0.10641785086591221,12,82.17015838623047,54.58357238769531,1,71.0538558959961,58.53557586669922,2,0,0,177,52,84,39,0.609375,0.8299555206626448,5,1,3,7,0.109375,0.45424675949964477,5,1,3,7,0.45424675949964477
41_r_t,G4_seed3407_epoch149,452,480,452,263,250,214,212,209,0.9766355140186916,40,39,0.609375,0.4718721724071437,0.4718721724071437,12,3.2708377838134766,2.5928523540496826,12,3.179075241088867,2.4859931468963623,12,0,0,252,58,142,48,0.75,0.904043890955594,134,26,54,40,0.625,0.8368503225744537,132,24,53,39,0.8335650134129722
42_r_t,G4_seed3407_epoch149,479,473,479,265,257,192,183,181,0.9427083333333334,43,41,0.640625,0.45512332013171947,0.4388661677124125,12,2.361478567123413,2.104024887084961,12,2.2752132415771484,1.9291977882385254,12,0,0,274,79,126,47,0.734375,0.906129600771856,120,32,40,43,0.671875,0.8374165309418823,116,31,34,41,0.8287139048387598
43_r_t,G4_seed3407_epoch149,277,491,277,32,26,14,14,11,0.7857142857142857,8,6,0.09375,0.11749203389346136,0.08225440368512803,12,122.4397201538086,76.46580505371094,2,139.66485595703125,86.23712921142578,3,0,0,65,47,165,38,0.59375,0.8330971085123394,6,2,6,8,0.125,0.48271525484098793,6,1,4,6,0.4136190954976789
44_r_t,G4_seed3407_epoch149,328,488,328,77,67,33,33,25,0.7575757575757576,10,9,0.140625,0.0987659902620599,0.06856556052097622,12,25.367034912109375,17.879331588745117,8,36.76287078857422,24.63041114807129,6,0,0,100,41,187,39,0.609375,0.8307440140587419,16,7,10,10,0.15625,0.5305004241091335,13,4,8,9,0.48623430190425293
45_r_t,G4_seed3407_epoch149,604,484,604,160,70,67,67,58,0.8656716417910447,27,25,0.390625,0.475835609190365,0.4524107605727143,12,5.231736660003662,4.329799652099609,12,5.821155071258545,5.199934005737305,12,0,0,304,99,201,62,0.96875,0.9743704388022562,46,11,10,27,0.421875,0.7407531662850164,40,11,7,25,0.7180246617973232
46_r_t,G4_seed3407_epoch149,661,485,661,155,58,55,51,54,0.9818181818181818,21,20,0.3125,0.45471356268271435,0.45471356268271435,12,7.960685729980469,5.637438774108887,11,7.376186847686768,5.581783294677734,12,1,1,363,117,181,60,0.9375,0.9735692429400136,33,5,17,21,0.328125,0.6918971022791264,32,5,17,20,0.6824542735342062
47_r_t,G4_seed3407_epoch149,332,491,332,56,50,27,27,22,0.8148148148148148,13,11,0.171875,0.16614199316986739,0.14805393018404206,12,17.411569595336914,14.014732360839844,8,17.700252532958984,14.095564842224121,9,0,0,204,48,80,39,0.609375,0.8313675796959646,23,3,1,13,0.203125,0.5803545344556381,20,2,0,11,0.5340746601180586
48_r_t,G4_seed3407_epoch149,313,488,313,47,41,23,23,18,0.782608695652174,13,10,0.15625,0.15940217138917467,0.15680034900834477,12,17.070480346679688,12.01241683959961,10,19.343549728393555,13.318779945373535,10,0,0,177,52,84,39,0.609375,0.8299555206626448,14,4,5,13,0.203125,0.5581331520337495,11,2,5,10,0.48883321777288163
49_r_t,G4_seed3407_epoch149,277,458,277,72,59,43,43,34,0.7906976744186046,19,17,0.265625,0.22731579718221306,0.2192929812528578,12,5.520677089691162,6.111520767211914,12,5.31027364730835,5.324731349945068,12,0,0,65,47,165,38,0.59375,0.8330971085123394,23,7,13,19,0.296875,0.6470885428084746,19,6,9,17,0.6426442824587469
50_r_t,G4_seed3407_epoch149,328,474,328,119,111,92,92,74,0.8043478260869565,23,21,0.328125,0.25230208869170095,0.21542133737711477,12,6.382587909698486,6.196417331695557,12,5.446151256561279,4.862730979919434,12,0,0,100,41,187,39,0.609375,0.8307440140587419,42,10,40,23,0.359375,0.7205418881460705,33,6,35,21,0.7002748235841835
51_r_t,G4_seed3407_epoch149,604,458,604,171,79,76,76,71,0.9342105263157895,26,26,0.40625,0.4439576329839826,0.4432925794590319,12,3.7521812915802,2.58538818359375,12,3.786231279373169,3.0160984992980957,12,0,0,304,99,201,62,0.96875,0.9743704388022562,50,12,14,26,0.40625,0.7344584991063027,46,11,14,26,0.7237377242488986
52_r_t,G4_seed3407_epoch149,661,476,661,196,88,79,79,73,0.9240506329113924,31,29,0.453125,0.5839198341608367,0.5420707314987521,12,5.4179158210754395,4.04416561126709,12,5.313283920288086,3.9645206928253174,12,0,0,363,117,181,60,0.9375,0.9735692429400136,52,9,18,31,0.484375,0.7685486966313855,49,7,17,29,0.7592624836805788
53_r_t,G4_seed3407_epoch149,332,458,332,93,83,49,49,39,0.7959183673469388,15,12,0.1875,0.18087515985796754,0.15742348251028807,12,12.245739936828613,10.161555290222168,12,13.79236888885498,10.793193817138672,10,0,0,204,48,80,39,0.609375,0.8313675796959646,37,6,6,15,0.234375,0.5984473145303113,29,6,4,12,0.5467943464454857
54_r_t,G4_seed3407_epoch149,313,474,313,72,67,42,42,33,0.7857142857142857,20,16,0.25,0.24190484610768176,0.2304895136745542,12,14.017593383789062,11.707706451416016,10,13.180571556091309,10.274667739868164,11,0,0,177,52,84,39,0.609375,0.8299555206626448,28,8,6,20,0.3125,0.6626721757989837,23,4,6,16,0.6148280302304465
55_r_t,G4_seed3407_epoch149,497,501,497,208,203,186,186,169,0.9086021505376344,33,33,0.515625,0.4284358266212768,0.4117305470882283,12,3.3213398456573486,3.169034957885742,12,3.53579044342041,3.0557451248168945,12,0,0,252,89,156,48,0.75,0.9012186305926567,111,39,36,33,0.515625,0.7863559168672,100,37,32,33,0.7825562830172342
56_r_t,G4_seed3407_epoch149,461,486,461,242,238,209,201,194,0.9282296650717703,40,37,0.578125,0.4951414074552035,0.4551245948662039,12,2.275465250015259,2.566331386566162,12,2.369288682937622,2.4242186546325684,12,0,0,243,64,154,48,0.75,0.9054826050312564,128,30,51,40,0.625,0.833586298872678,121,27,46,37,0.8169477518316214
57_r_t,G4_seed3407_epoch149,521,501,521,203,188,163,163,154,0.9447852760736196,35,34,0.53125,0.4300181197712709,0.4271445205885843,12,3.5212481021881104,3.4139132499694824,12,3.3641059398651123,3.481097936630249,12,0,0,339,69,113,49,0.765625,0.9068393692575788,125,17,21,35,0.546875,0.79822686977942,119,17,18,34,0.7917737026442996
58_r_t,G4_seed3407_epoch149,496,486,496,189,171,138,138,132,0.9565217391304348,33,32,0.5,0.41831849078853683,0.4181079278287054,12,5.856813907623291,5.956960678100586,12,5.703898906707764,5.595426559448242,12,0,0,291,83,122,48,0.75,0.9047169098896012,99,21,18,33,0.515625,0.7919958529093769,95,20,17,32,0.7831931098353959
59_r_t,G4_seed3407_epoch149,347,501,347,39,34,22,22,17,0.7727272727272727,13,10,0.15625,0.16427694633773435,0.11425524494884545,12,10.856243133544922,10.841501235961914,12,14.8853120803833,12.628275871276855,10,0,0,121,70,156,39,0.609375,0.82877322629868,11,4,7,13,0.203125,0.5802857621643456,10,2,5,10,0.5291871891855768
60_r_t,G4_seed3407_epoch149,308,487,308,37,33,24,24,23,0.9583333333333334,8,8,0.125,0.16438109960848193,0.16438109960848193,12,12.865845680236816,13.408960342407227,12,12.584907531738281,12.975854873657227,12,0,0,100,57,151,37,0.578125,0.8129190944821025,14,4,6,8,0.125,0.45947775719708706,14,3,6,8,0.45049001455350784
61_r_t,G4_seed3407_epoch149,351,501,351,41,34,20,20,18,0.9,10,9,0.140625,0.1658824472379401,0.1658824472379401,12,15.064010620117188,13.135497093200684,11,13.91626262664795,13.082576751708984,12,0,0,162,72,117,39,0.609375,0.8330513396444683,17,0,3,10,0.15625,0.5172836160095581,15,0,3,9,0.4879085374940865
62_r_t,G4_seed3407_epoch149,353,487,353,55,49,25,20,18,0.72,9,9,0.140625,0.13313411369027206,0.12802513342335392,12,22.061017990112305,23.988067626953125,8,28.37036895751953,24.486907958984375,6,0,0,211,57,85,40,0.625,0.8344382208317419,14,4,7,9,0.140625,0.48474884506075977,9,4,5,9,0.4958229168669878
63_r_t,G4_seed3407_epoch149,521,497,521,239,225,200,200,176,0.88,35,34,0.53125,0.42029548808888095,0.3956312299750801,12,3.2140138149261475,3.071381092071533,12,3.652315855026245,3.258629322052002,12,0,0,339,69,113,49,0.765625,0.9068393692575788,150,23,27,35,0.546875,0.8192735935384705,133,20,23,34,0.8093831560290327
64_r_t,G4_seed3407_epoch149,496,461,496,226,213,183,183,171,0.9344262295081968,40,37,0.578125,0.46983167015248606,0.44784203675685297,12,3.8687191009521484,3.3090744018554688,12,3.832069158554077,3.3253254890441895,12,0,0,291,83,122,48,0.75,0.9047169098896012,120,27,36,40,0.625,0.83708964636234,115,24,32,37,0.817221056385817
65_r_t,G4_seed3407_epoch149,347,499,347,94,86,59,59,54,0.9152542372881356,15,14,0.21875,0.1870644093649977,0.18279658118284178,12,7.225714206695557,7.630422592163086,12,7.093235015869141,7.819524765014648,12,0,0,121,70,156,39,0.609375,0.82877322629868,29,7,23,15,0.234375,0.5883948347763752,24,7,23,14,0.5779039556918381
66_r_t,G4_seed3407_epoch149,308,457,308,75,65,54,54,42,0.7777777777777778,16,12,0.1875,0.21286919152949246,0.18135830600565844,12,5.631184101104736,5.2386298179626465,12,7.343406677246094,7.092211723327637,12,0,0,100,57,151,37,0.578125,0.8129190944821025,28,8,18,16,0.25,0.6036709789807171,20,7,15,12,0.5414496305345274
67_r_t,G4_seed3407_epoch149,725,499,725,188,68,67,67,67,1.0,21,21,0.328125,0.42993839820639307,0.42993839820639307,12,6.349451541900635,5.442876815795898,12,6.349451541900635,5.442876815795898,12,0,0,440,118,167,62,0.96875,0.9745930813632085,42,9,16,21,0.328125,0.6876163742478275,42,9,16,21,0.6876163742478275
68_r_t,G4_seed3407_epoch149,674,451,674,104,43,40,39,30,0.75,15,10,0.15625,0.3081435820831708,0.18256186901752455,12,8.592013359069824,7.726975440979004,12,13.160704612731934,14.377345085144043,10,0,0,415,114,145,61,0.953125,0.9747889865870915,26,3,11,15,0.234375,0.6004425994263647,18,3,9,10,0.5113636578306967
69_r_t,G4_seed3407_epoch149,351,499,351,82,72,53,53,53,1.0,17,17,0.265625,0.2280139478309328,0.2280139478309328,12,8.105061531066895,5.549056053161621,12,8.105061531066895,5.549056053161621,12,0,0,162,72,117,39,0.609375,0.8330513396444683,36,4,13,17,0.265625,0.6158213148741984,36,4,13,17,0.6158213148741984
70_r_t,G4_seed3407_epoch149,353,457,353,93,88,51,48,44,0.8627450980392157,16,15,0.234375,0.21750987279235254,0.21743251135973937,12,8.3583345413208,6.920278549194336,11,7.857017517089844,5.707839012145996,11,0,0,211,57,85,40,0.625,0.8344382208317419,34,9,8,16,0.25,0.6014225865175323,28,8,8,15,0.5799074838684748
