dataset,image,variant,mask_iou_to_baseline,skeleton_f1_to_baseline,junction_repeatability_to_baseline,baseline_area_fraction,variant_area_fraction,baseline_junction_count,variant_junction_count
Lab4,08_g.jpg,threshold_015,0.4566923405687057,0.6915149876408361,0.5748822431768978,0.1702948676215278,0.3728875054253472,1470,3004
Lab4,08_g.jpg,threshold_035,0.6040082035761221,0.8221467313811862,0.6539544061899569,0.1702948676215278,0.1028594970703125,1470,917
Lab4,08_g.jpg,kernel_09,0.6673512923550131,0.8962433651594167,0.7035878867676102,0.1702948676215278,0.11461046006944445,1470,1085
Lab4,08_g.jpg,kernel_21,0.8281007280024855,0.9466954504051684,0.7897796018776515,0.1702948676215278,0.198822021484375,1470,1626
Lab4,14_test.tif,threshold_015,0.35597114926299317,0.5723206337954057,0.5268926377173799,0.13421461317274305,0.3770378960503472,1188,3201
Lab4,14_test.tif,threshold_035,0.5446357515505982,0.7770795066184036,0.6420406057502832,0.13421461317274305,0.07309807671440972,1188,651
Lab4,14_test.tif,kernel_09,0.626676787683987,0.8744200324962984,0.6804007555227067,0.13421461317274305,0.0983123779296875,1188,1025
Lab4,14_test.tif,kernel_21,0.7886894202795715,0.92342303301134,0.7498553240740741,0.13421461317274305,0.16495259602864584,1188,1408
Lab4,23_training.tif,threshold_015,0.4413151522874984,0.6787285139696108,0.5638446613022884,0.1526523166232639,0.3459031846788194,1298,2754
Lab4,23_training.tif,threshold_035,0.4690464026300007,0.7230001297704868,0.5823852226173698,0.1526523166232639,0.07160101996527778,1298,633
Lab4,23_training.tif,kernel_09,0.49951396397872366,0.8045193225965485,0.6214245367672557,0.1526523166232639,0.08011372884114583,1298,862
Lab4,23_training.tif,kernel_21,0.7493856441959431,0.9186238549564286,0.7249448476550597,0.1526523166232639,0.1937374538845486,1298,1436
Lab4,Image_13R.jpg,threshold_015,0.3230013661965393,0.5064417131207649,0.49180039890940364,0.10782538519965278,0.3338233100043403,925,2954
Lab4,Image_13R.jpg,threshold_035,0.46449573885971257,0.6918972953055735,0.5669703036369703,0.10782538519965278,0.050084431966145836,925,486
Lab4,Image_13R.jpg,kernel_09,0.5344585802180587,0.7975589325857151,0.6219231269793067,0.10782538519965278,0.0980953640407986,925,1246
Lab4,Image_13R.jpg,kernel_21,0.7916613065068052,0.9239064605361461,0.7270213963963964,0.10782538519965278,0.12830098470052084,925,960
Lab4,im0002.ppm,threshold_015,0.4030447227678308,0.6100395839107732,0.510082380652879,0.1506381564670139,0.3737504747178819,1510,2685
Lab4,im0002.ppm,threshold_035,0.3957456387169387,0.6142824055868542,0.5684691056387835,0.1506381564670139,0.05961439344618055,1510,515
Lab4,im0002.ppm,kernel_09,0.5112729216072681,0.8311571871009692,0.6806970457367549,0.1506381564670139,0.0794949001736111,1510,1024
Lab4,im0002.ppm,kernel_21,0.646421211993776,0.8404820639989364,0.668895480589059,0.1506381564670139,0.11486646864149305,1510,979
Lab4,im0013.ppm,threshold_015,0.3210722939407937,0.5336668753564171,0.49043367346938777,0.1343451605902778,0.418426513671875,1296,3528
Lab4,im0013.ppm,threshold_035,0.42476022211004544,0.6826949543075005,0.5835995016423151,0.1343451605902778,0.05706448025173611,1296,545
Lab4,im0013.ppm,kernel_09,0.4827156959157507,0.8155426095790431,0.6364247311827957,0.1343451605902778,0.06759813096788195,1296,837
Lab4,im0013.ppm,kernel_21,0.7565605291493617,0.9266075737992825,0.7400388735645395,0.1343451605902778,0.15606519911024305,1296,1289
Lab4,im0021.ppm,threshold_015,0.44135552952434376,0.6944314622424661,0.5976445469582506,0.09070841471354167,0.20552232530381945,737,1543
Lab4,im0021.ppm,threshold_035,0.44534783746402,0.724341538614092,0.6469356216194233,0.09070841471354167,0.040396796332465276,737,367
Lab4,im0021.ppm,kernel_09,0.37843908959269296,0.7388295777050391,0.6283917456625345,0.09070841471354167,0.035178290473090276,737,441
Lab4,im0021.ppm,kernel_21,0.747642548691284,0.9351743336066188,0.7786232165492987,0.09070841471354167,0.11101786295572917,737,821
Lab4,im0027.ppm,threshold_015,0.5067394260728857,0.7350218939540182,0.620964410842707,0.09981621636284722,0.19697740342881945,850,1595
Lab4,im0027.ppm,threshold_035,0.5515847402928288,0.7928983870746683,0.6382259198500118,0.09981621636284722,0.05505710177951389,850,502
Lab4,im0027.ppm,kernel_09,0.6493150223837895,0.9089041144193628,0.7367038392781136,0.09981621636284722,0.0663333468967014,850,691
Lab4,im0027.ppm,kernel_21,0.8240521077529935,0.9470328148135793,0.7730800567866181,0.09981621636284722,0.1204867892795139,850,953
Lab4,im0043.ppm,threshold_015,0.3129360485685578,0.4844570033107248,0.526572208084004,0.074981689453125,0.23960706922743055,609,2077
Lab4,im0043.ppm,threshold_035,0.5399764844209288,0.7500094924320223,0.6207671097066022,0.074981689453125,0.040488349066840276,609,318
Lab4,im0043.ppm,kernel_09,0.4931870502105067,0.7942551691205268,0.6347858333180728,0.074981689453125,0.047083536783854164,609,538
Lab4,im0043.ppm,kernel_21,0.732416635577111,0.89516289796644,0.744573253681907,0.074981689453125,0.09034898546006945,609,583
Lab4,im0044.ppm,threshold_015,0.43902783166954745,0.681052753344175,0.5978034930414163,0.08440483940972222,0.1922539605034722,691,1563
Lab4,im0044.ppm,threshold_035,0.4908605174353206,0.7636350847421162,0.6093032871614638,0.08440483940972222,0.04143100314670139,691,385
Lab4,im0044.ppm,kernel_09,0.5625175400849408,0.8594589606252873,0.6825539485977028,0.08440483940972222,0.05718824598524305,691,632
Lab4,im0044.ppm,kernel_21,0.7799238957660999,0.9396373032778623,0.769738636621938,0.08440483940972222,0.10354783799913195,691,764
Lab4,im0058.ppm,threshold_015,0.450506050870794,0.5248454918426232,0.4081760521222405,0.18972269694010416,0.4211324055989583,1665,2453
Lab4,im0058.ppm,threshold_035,0.359168208180299,0.6270040855066779,0.5411976963701102,0.18972269694010416,0.0681423611111111,1665,754
Lab4,im0058.ppm,kernel_09,0.6235946810696569,0.8177217434651466,0.6584441665141438,0.18972269694010416,0.1853790283203125,1665,1772
Lab4,im0058.ppm,kernel_21,0.6695380111314867,0.8538499788164914,0.6833538574545769,0.18972269694010416,0.1622077094184028,1665,1390
Lab4,im0071.ppm,threshold_015,0.4577343372590828,0.524898462418601,0.40293320329526205,0.1863488091362847,0.4071112738715278,1582,2564
Lab4,im0071.ppm,threshold_035,0.4142185182826417,0.6855346968423314,0.5655611455167376,0.1863488091362847,0.07718912760416667,1582,829
Lab4,im0071.ppm,kernel_09,0.7230631387816269,0.8927374589897599,0.6826600846828407,0.1863488091362847,0.18208482530381945,1582,1764
Lab4,im0071.ppm,kernel_21,0.8176458662774196,0.9340363892470069,0.7430479417727244,0.1863488091362847,0.1936679416232639,1582,1627
Lab4,im0095.ppm,threshold_015,0.4145119810427291,0.6411744497119211,0.5187204189859054,0.1773495144314236,0.4278513590494792,1889,2793
Lab4,im0095.ppm,threshold_035,0.32094068161177763,0.5230321429291234,0.53245633610566,0.1773495144314236,0.05691867404513889,1889,529
Lab4,im0095.ppm,kernel_09,0.5645915916664589,0.8608927997931792,0.7013651431258904,0.1773495144314236,0.14185078938802084,1889,1864
Lab4,im0095.ppm,kernel_21,0.7268778353205668,0.913810584599514,0.724798283044186,0.1773495144314236,0.18729146321614584,1889,1754
Lab4,im0097.ppm,threshold_015,0.41000440328595217,0.6383393347649503,0.5378459137451943,0.2020687527126736,0.4928453233506944,1680,3753
Lab4,im0097.ppm,threshold_035,0.550044049167261,0.7740384909239486,0.6200116856558575,0.2020687527126736,0.11114671495225695,1680,978
Lab4,im0097.ppm,kernel_09,0.5326890847389792,0.8263310959220969,0.6525258799171842,0.2020687527126736,0.10958353678385417,1680,1150
Lab4,im0097.ppm,kernel_21,0.7415037273160814,0.903100403898528,0.7296743697478991,0.2020687527126736,0.2684665256076389,1680,2040
Lab4,im0103.ppm,threshold_015,0.363379894893208,0.576731877197325,0.47524706188437793,0.09870741102430555,0.271636962890625,1002,1964
Lab4,im0103.ppm,threshold_035,0.3055822741326005,0.48869577878121956,0.47598855153129865,0.09870741102430555,0.030163235134548612,1002,227
Lab4,im0103.ppm,kernel_09,0.47980104845204957,0.796714643190842,0.6209014719099812,0.09870741102430555,0.07884894476996528,1002,1026
Lab4,im0103.ppm,kernel_21,0.7473155803715237,0.9346373739894698,0.7695261852808828,0.09870741102430555,0.1220058865017361,1002,1073
Lab4,im0134.ppm,threshold_015,0.38419733607455486,0.600130563272993,0.5305178312253784,0.16348436143663195,0.4255218505859375,1456,3339
Lab4,im0134.ppm,threshold_035,0.45258070872266065,0.687554364258703,0.5745192307692308,0.16348436143663195,0.0739898681640625,1456,616
Lab4,im0134.ppm,kernel_09,0.4807542961827197,0.7571008658144193,0.5954217153813928,0.16348436143663195,0.2147403293185764,1456,2387
Lab4,im0134.ppm,kernel_21,0.7652594280830455,0.9249806175828988,0.723342905255157,0.16348436143663195,0.17268541124131945,1456,1359
Lab4,im0155.ppm,threshold_015,0.4536733338068716,0.5669908436129613,0.4513757203941253,0.18408711751302084,0.4057701958550347,1650,2445
Lab4,im0155.ppm,threshold_035,0.3812063106125494,0.6390288715879354,0.5579455101473451,0.18408711751302084,0.0701751708984375,1650,654
Lab4,im0155.ppm,kernel_09,0.5767016902695294,0.8554178456410872,0.6902320225689447,0.18408711751302084,0.1377495659722222,1650,1579
Lab4,im0155.ppm,kernel_21,0.7604424516992823,0.9290464166239824,0.7430125571436839,0.18408711751302084,0.1993442111545139,1650,1571
Lab4,im0193.ppm,threshold_015,0.420788695745259,0.6061909225612492,0.47984747665598726,0.1732754177517361,0.4117872450086806,1692,2590
Lab4,im0193.ppm,threshold_035,0.33263536917085773,0.5722078091646045,0.5412926055600442,0.1732754177517361,0.057637532552083336,1692,553
Lab4,im0193.ppm,kernel_09,0.5090012019310582,0.7896362904310671,0.6278969913721687,0.1732754177517361,0.21199544270833334,1692,2106
Lab4,im0193.ppm,kernel_21,0.7003778601917291,0.9121999122558687,0.7456326589310989,0.1732754177517361,0.23871358235677084,1692,1874
Lab4,im0237.ppm,threshold_015,0.333119299872769,0.5529593929289585,0.511569279327891,0.09499443901909722,0.2851664225260417,787,2190
Lab4,im0237.ppm,threshold_035,0.48001070854899164,0.6585575566543929,0.5588858160799263,0.09499443901909722,0.045598347981770836,787,306
Lab4,im0237.ppm,kernel_09,0.38612133015941713,0.7165381182935785,0.5428909672894926,0.09499443901909722,0.06789991590711805,787,915
Lab4,im0237.ppm,kernel_21,0.7131867553848986,0.905243518846882,0.7286187407906192,0.09499443901909722,0.12588670518663195,787,902
Lab4,im0255.ppm,threshold_015,0.3729810552561604,0.5960823684723369,0.517259947015507,0.1602867974175347,0.4297451443142361,1452,3548
Lab4,im0255.ppm,threshold_035,0.5274219650733544,0.7293181867625294,0.5814396431091603,0.1602867974175347,0.08453877766927083,1452,691
Lab4,im0255.ppm,kernel_09,0.586467674303157,0.8566598377373689,0.6372425936799793,0.1602867974175347,0.09436882866753472,1452,943
Lab4,im0255.ppm,kernel_21,0.813935359551546,0.9420999251093506,0.7596861471861471,0.1602867974175347,0.1908298068576389,1452,1680
Lab4,im0291.ppm,threshold_015,0.3701024399628074,0.5393062965199176,0.43743416001298796,0.1565636528862847,0.4230278862847222,1599,3074
Lab4,im0291.ppm,threshold_035,0.3661703394877904,0.5882717383483678,0.512704216226223,0.1565636528862847,0.05732896592881945,1599,527
Lab4,im0291.ppm,kernel_09,0.5926577382789195,0.860122645823997,0.6903841416036538,0.1565636528862847,0.10594685872395833,1599,1287
Lab4,im0291.ppm,kernel_21,0.7697777164158498,0.9268667219484877,0.728153128435077,0.1565636528862847,0.14769490559895834,1599,1436
Lab4,im0326.ppm,threshold_015,0.42763591997310857,0.5841491744875935,0.46495308332529967,0.17470804850260416,0.4085439046223958,1518,2460
Lab4,im0326.ppm,threshold_035,0.3958582006268984,0.6500047757732934,0.5705029474166032,0.17470804850260416,0.06915961371527778,1518,639
Lab4,im0326.ppm,kernel_09,0.4530192559356889,0.7965976357296463,0.6515309302343929,0.17470804850260416,0.08883497450086805,1518,1169
Lab4,im0326.ppm,kernel_21,0.71268949097375,0.9224084527204208,0.7343661153872825,0.17470804850260416,0.2106865776909722,1518,1520
Lab4,im0328.ppm,threshold_015,0.3969849490602281,0.5911855996964597,0.49610352933992796,0.1384039984809028,0.3486378987630208,1236,2544
Lab4,im0328.ppm,threshold_035,0.4380650219271382,0.6436063554520054,0.5382516745691277,0.1384039984809028,0.060629950629340276,1236,473
Lab4,im0328.ppm,kernel_09,0.480771376690303,0.804088361614439,0.6540899956772166,0.1384039984809028,0.10907660590277778,1236,1385
Lab4,im0328.ppm,kernel_21,0.7746366182157621,0.9405686610305697,0.7421000640893225,0.1384039984809028,0.1549106174045139,1236,1222
Lab4,im0330.ppm,threshold_015,0.3785056575665358,0.5762084258789966,0.47842525404009495,0.13095262315538195,0.3459726969401042,1234,2410
Lab4,im0330.ppm,threshold_035,0.4123305583966649,0.6247567811694119,0.5338711375678288,0.13095262315538195,0.053995768229166664,1234,431
Lab4,im0330.ppm,kernel_09,0.5197705590160057,0.8143514210672795,0.6492861732726251,0.13095262315538195,0.1304846869574653,1234,1531
Lab4,im0330.ppm,kernel_21,0.748405712489334,0.9177793738319416,0.7337955102531062,0.13095262315538195,0.13307020399305555,1234,1093
FIRE,A05_2.jpg,threshold_015,0.3654904847341706,0.5937631619393405,0.553659250251443,0.08081732855902778,0.22112019856770834,682,1799
FIRE,A05_2.jpg,threshold_035,0.45231601913233194,0.6979017988290132,0.6008389019758665,0.08081732855902778,0.036554972330729164,682,305
FIRE,A05_2.jpg,kernel_09,0.4675981642019378,0.807778354485479,0.6767104176750278,0.08081732855902778,0.04116651746961805,682,515
FIRE,A05_2.jpg,kernel_21,0.731025633000532,0.9250900029708541,0.7752969392416629,0.08081732855902778,0.1067233615451389,682,796
FIRE,A13_1.jpg,threshold_015,0.347592598678805,0.545761979655462,0.518151008333408,0.08965555826822917,0.2579328748914931,752,2377
FIRE,A13_1.jpg,threshold_035,0.5892097350655244,0.8054264689596763,0.6063829787234043,0.08965555826822917,0.052825927734375,752,444
FIRE,A13_1.jpg,kernel_09,0.7090878352994214,0.9235757589123778,0.6993076663289429,0.08965555826822917,0.0646023220486111,752,630
FIRE,A13_1.jpg,kernel_21,0.8162159659196148,0.9459362355531618,0.741309310864244,0.08965555826822917,0.10984293619791667,752,904
FIRE,P31_2.jpg,threshold_015,0.38266435324334663,0.5892141983337714,0.5337140426069797,0.09497578938802083,0.2481960720486111,781,2188
FIRE,P31_2.jpg,threshold_035,0.5973330477159535,0.8047249580305025,0.599270424253882,0.09497578938802083,0.056732177734375,781,447
FIRE,P31_2.jpg,kernel_09,0.7575784063494283,0.9377938776015788,0.7191928045049669,0.09497578938802083,0.07547675238715278,781,691
FIRE,P31_2.jpg,kernel_21,0.8129989782311275,0.9262657666137477,0.7145445864710606,0.09497578938802083,0.08251444498697917,781,649
FIRE,P35_2.jpg,threshold_015,0.3460281109552572,0.5173519441517594,0.489762173959781,0.10246955023871528,0.2961307101779514,799,2608
FIRE,P35_2.jpg,threshold_035,0.5715349360512252,0.7843715897962764,0.6095859782444758,0.10246955023871528,0.05856492784288195,799,473
FIRE,P35_2.jpg,kernel_09,0.685353934487041,0.9068085354349061,0.6678451625578485,0.10246955023871528,0.07469685872395833,799,688
FIRE,P35_2.jpg,kernel_21,0.8416711316657737,0.94174721631339,0.7629593261673555,0.10246955023871528,0.11897786458333333,799,933
FIRE,P38_2.jpg,threshold_015,0.3979690209004134,0.6150312654635492,0.5109735801955482,0.1770714653862847,0.4449378119574653,1771,2926
FIRE,P38_2.jpg,threshold_035,0.5116477245526182,0.7484597003325812,0.6283940024141592,0.1770714653862847,0.09059821234809028,1771,893
FIRE,P38_2.jpg,kernel_09,0.7086745008261869,0.9059734367466409,0.7176161339396028,0.1770714653862847,0.136749267578125,1771,1478
FIRE,P38_2.jpg,kernel_21,0.7825083082886061,0.9298353164582734,0.7653121640518279,0.1770714653862847,0.22213914659288195,1771,1956
FIRE,P40_1.jpg,threshold_015,0.31645354989972696,0.4677520073391216,0.4892678900639468,0.0917629665798611,0.2899729410807292,711,2735
FIRE,P40_1.jpg,threshold_035,0.5973874806001035,0.8008887842733262,0.5918622213908116,0.0917629665798611,0.054818047417534724,711,406
FIRE,P40_1.jpg,kernel_09,0.6611049080815864,0.8705902061335927,0.6510244421636826,0.0917629665798611,0.08732096354166667,711,851
FIRE,P40_1.jpg,kernel_21,0.8440972551999241,0.9364556458147261,0.7734345716457072,0.0917629665798611,0.10575188530815972,711,818
FIRE,P46_1.jpg,threshold_015,0.3638310912080777,0.5045238681940118,0.48969579265239704,0.10165574815538195,0.2794036865234375,768,2663
FIRE,P46_1.jpg,threshold_035,0.6124184859654097,0.825356922958832,0.6405171841825903,0.10165574815538195,0.062255859375,768,471
FIRE,P46_1.jpg,kernel_09,0.6714405793353162,0.9136608880324213,0.7100831795007032,0.10165574815538195,0.0736541748046875,768,711
FIRE,P46_1.jpg,kernel_21,0.8863534273650167,0.949757001580236,0.7774296571798189,0.10165574815538195,0.11193678114149305,768,773
FIRE,S04_1.jpg,threshold_015,0.43801813392889655,0.6079007421193023,0.5365637237567613,0.12236531575520833,0.2793613009982639,992,2463
FIRE,S04_1.jpg,threshold_035,0.6184221464793416,0.8379138900675208,0.6608727857178803,0.12236531575520833,0.07567342122395833,992,641
FIRE,S04_1.jpg,kernel_09,0.7463821470166937,0.9356372540560077,0.7390403581855729,0.12236531575520833,0.09880744086371528,992,906
FIRE,S04_1.jpg,kernel_21,0.8753685698272291,0.9605524112871991,0.8239791107154713,0.12236531575520833,0.1385921902126736,992,1069
FIRE,S11_1.jpg,threshold_015,0.4141357392815483,0.6111200924125031,0.5343400647708423,0.1474728054470486,0.3560977511935764,1233,2908
FIRE,S11_1.jpg,threshold_035,0.5811480404216915,0.7987743269812068,0.6214640854755105,0.1474728054470486,0.08570353190104167,1233,690
FIRE,S11_1.jpg,kernel_09,0.6835831759969063,0.9170537551901353,0.7157399456132818,0.1474728054470486,0.10349019368489583,1233,1020
FIRE,S11_1.jpg,kernel_21,0.8745318733208499,0.9649623334865562,0.806438617834123,0.1474728054470486,0.1648220486111111,1233,1368
FIRE,S11_2.jpg,threshold_015,0.3573974991162426,0.5342600376746751,0.5059023617329885,0.1011318630642361,0.2829674614800347,808,2512
FIRE,S11_2.jpg,threshold_035,0.5955574182732607,0.8202635476844742,0.6334261551155116,0.1011318630642361,0.06022983127170139,808,480
FIRE,S11_2.jpg,kernel_09,0.6333653432232855,0.9042534323566092,0.7331639280949371,0.1011318630642361,0.06612481011284722,808,705
FIRE,S11_2.jpg,kernel_21,0.8561697102367648,0.9606301389579517,0.7818182898866194,0.1011318630642361,0.1173824734157986,808,937
FIRE,S17_1.jpg,threshold_015,0.40858559768571134,0.607741985269763,0.5309337266107476,0.1340976291232639,0.3281995985243056,1142,2660
FIRE,S17_1.jpg,threshold_035,0.5522037069815663,0.7744192503029506,0.5944575189633984,0.1340976291232639,0.07404920789930555,1142,637
FIRE,S17_1.jpg,kernel_09,0.6635827799746326,0.8983179817486452,0.702991492053278,0.1340976291232639,0.09271918402777778,1142,958
FIRE,S17_1.jpg,kernel_21,0.8431288599655345,0.9511776304428746,0.788624178862116,0.1340976291232639,0.15785047743055555,1142,1305
FIRE,S18_1.jpg,threshold_015,0.40858559768571134,0.607741985269763,0.5309337266107476,0.1340976291232639,0.3281995985243056,1142,2660
FIRE,S18_1.jpg,threshold_035,0.5522037069815663,0.7744192503029506,0.5944575189633984,0.1340976291232639,0.07404920789930555,1142,637
FIRE,S18_1.jpg,kernel_09,0.6635827799746326,0.8983179817486452,0.702991492053278,0.1340976291232639,0.09271918402777778,1142,958
FIRE,S18_1.jpg,kernel_21,0.8431288599655345,0.9511776304428746,0.788624178862116,0.1340976291232639,0.15785047743055555,1142,1305
FIRE,S21_1.jpg,threshold_015,0.40858559768571134,0.607741985269763,0.5309337266107476,0.1340976291232639,0.3281995985243056,1142,2660
FIRE,S21_1.jpg,threshold_035,0.5522037069815663,0.7744192503029506,0.5944575189633984,0.1340976291232639,0.07404920789930555,1142,637
FIRE,S21_1.jpg,kernel_09,0.6635827799746326,0.8983179817486452,0.702991492053278,0.1340976291232639,0.09271918402777778,1142,958
FIRE,S21_1.jpg,kernel_21,0.8431288599655345,0.9511776304428746,0.788624178862116,0.1340976291232639,0.15785047743055555,1142,1305
FIRE,S25_2.jpg,threshold_015,0.40785147099586394,0.6002570895673944,0.5326853266042455,0.12722608778211805,0.3119422064887153,1056,2738
FIRE,S25_2.jpg,threshold_035,0.586466065217681,0.8060014648027964,0.6209699453551912,0.12722608778211805,0.07461378309461805,1056,610
FIRE,S25_2.jpg,kernel_09,0.7105758568223431,0.9290159827558283,0.7207720588235293,0.12722608778211805,0.09769185384114583,1056,935
FIRE,S25_2.jpg,kernel_21,0.8679308823187867,0.9654820962507755,0.7992524186455585,0.12722608778211805,0.14549085828993055,1056,1137
FIRE,S27_2.jpg,threshold_015,0.3767574091123995,0.5679075983935907,0.5306021758906856,0.1026797824435764,0.2725355360243056,883,2440
FIRE,S27_2.jpg,threshold_035,0.5792975909383618,0.7982833668017588,0.6486919020327854,0.1026797824435764,0.05948215060763889,883,495
FIRE,S27_2.jpg,kernel_09,0.6285718937753391,0.8909241674901894,0.7127609564306929,0.1026797824435764,0.06689961751302083,883,689
FIRE,S27_2.jpg,kernel_21,0.850580870742161,0.9552679526316689,0.7792584548196484,0.1026797824435764,0.1198577880859375,883,974
FIRE,S34_2.jpg,threshold_015,0.40785147099586394,0.6002570895673944,0.5326853266042455,0.12722608778211805,0.3119422064887153,1056,2738
FIRE,S34_2.jpg,threshold_035,0.586466065217681,0.8060014648027964,0.6209699453551912,0.12722608778211805,0.07461378309461805,1056,610
FIRE,S34_2.jpg,kernel_09,0.7105758568223431,0.9290159827558283,0.7207720588235293,0.12722608778211805,0.09769185384114583,1056,935
FIRE,S34_2.jpg,kernel_21,0.8679308823187867,0.9654820962507755,0.7992524186455585,0.12722608778211805,0.14549085828993055,1056,1137
FIRE,S35_1.jpg,threshold_015,0.3574064281097597,0.5413377898525258,0.516162340538118,0.10312737358940972,0.288543701171875,873,2602
FIRE,S35_1.jpg,threshold_035,0.5748927285580416,0.8063833250547281,0.6200894120047674,0.10312737358940972,0.059287177191840276,873,494
FIRE,S35_1.jpg,kernel_09,0.6262166788945952,0.9005309343282272,0.7066498125356384,0.10312737358940972,0.06598069932725695,873,681
FIRE,S35_1.jpg,kernel_21,0.8471027566819116,0.95613012883902,0.7816893158388003,0.10312737358940972,0.12078009711371528,873,968
FIRE,S41_1.jpg,threshold_015,0.40785147099586394,0.6002570895673944,0.5326853266042455,0.12722608778211805,0.3119422064887153,1056,2738
FIRE,S41_1.jpg,threshold_035,0.586466065217681,0.8060014648027964,0.6209699453551912,0.12722608778211805,0.07461378309461805,1056,610
FIRE,S41_1.jpg,kernel_09,0.7105758568223431,0.9290159827558283,0.7207720588235293,0.12722608778211805,0.09769185384114583,1056,935
FIRE,S41_1.jpg,kernel_21,0.8679308823187867,0.9654820962507755,0.7992524186455585,0.12722608778211805,0.14549085828993055,1056,1137
FIRE,S47_1.jpg,threshold_015,0.33975786002547587,0.5283028502544967,0.5271607165991153,0.0967746310763889,0.2848341200086806,840,2573
FIRE,S47_1.jpg,threshold_035,0.5815346881569726,0.8226910752477489,0.6347206781545303,0.0967746310763889,0.05627780490451389,840,514
FIRE,S47_1.jpg,kernel_09,0.7625040667111864,0.9446989057672873,0.7519315829098439,0.0967746310763889,0.07773844401041667,840,759
FIRE,S47_1.jpg,kernel_21,0.8079263977353149,0.9223689426921051,0.7604761904761905,0.0967746310763889,0.119781494140625,840,1050
FIRE,S54_1.jpg,threshold_015,0.4033166752247398,0.5800977968157481,0.5446334158913859,0.09454854329427083,0.2344275580512153,749,2077
FIRE,S54_1.jpg,threshold_035,0.6360033711693295,0.8197403353748823,0.6542645095421347,0.09454854329427083,0.06013319227430555,749,476
FIRE,S54_1.jpg,kernel_09,0.6690383824659886,0.9046223557992873,0.7027065169666938,0.09454854329427083,0.06373765733506945,749,596
FIRE,S54_1.jpg,kernel_21,0.8710549190043461,0.9557142561929076,0.8041091826138556,0.09454854329427083,0.1061740451388889,749,801
FIRE,S56_2.jpg,threshold_015,0.3785466909813278,0.5718030075553459,0.522015219632957,0.12212287055121528,0.3226097954644097,1003,2861
FIRE,S56_2.jpg,threshold_035,0.6171648318085269,0.8168558197100221,0.6269582556677793,0.12212287055121528,0.07536994086371528,1003,575
FIRE,S56_2.jpg,kernel_09,0.7492822055001429,0.9420438974381204,0.7215920887223912,0.12212287055121528,0.0958285861545139,1003,874
FIRE,S56_2.jpg,kernel_21,0.8832089223448849,0.966043669584621,0.7885829567864001,0.12212287055121528,0.1315188937717014,1003,1043
FIRE,S61_1.jpg,threshold_015,0.3934056521432715,0.5927259525192443,0.5217805818436734,0.12303331163194445,0.3127390543619792,1000,2853
FIRE,S61_1.jpg,threshold_035,0.6074027119391467,0.8105805565359326,0.6203784893267652,0.12303331163194445,0.07473076714409722,1000,609
FIRE,S61_1.jpg,kernel_09,0.7541530890470174,0.9430409003228392,0.697817747077577,0.12303331163194445,0.10056898328993055,1000,941
FIRE,S61_1.jpg,kernel_21,0.8647902270781327,0.9555825201022412,0.7784214162348877,0.12303331163194445,0.1391364203559028,1000,1158
FIRE,S67_2.jpg,threshold_015,0.44665620189427546,0.6548879328609314,0.5660099585618459,0.09986199273003472,0.22357686360677084,737,1741
FIRE,S67_2.jpg,threshold_035,0.6083767677968116,0.8241446258487646,0.623225448787256,0.09986199273003472,0.060753716362847224,737,443
FIRE,S67_2.jpg,kernel_09,0.7076435422414926,0.9295707916516694,0.7028675345412609,0.09986199273003472,0.0764194064670139,737,673
FIRE,S67_2.jpg,kernel_21,0.8705690013445789,0.9615495148670562,0.7609833607084197,0.09986199273003472,0.1076999240451389,737,760
FIRE,S70_1.jpg,threshold_015,0.39920728511530396,0.5908378503325715,0.5374737203848953,0.061986287434895836,0.1552734375,447,1328
FIRE,S70_1.jpg,threshold_035,0.5563852192226689,0.7701846308629077,0.5931964732201606,0.061986287434895836,0.03448825412326389,447,255
FIRE,S70_1.jpg,kernel_09,0.7032605599150545,0.9235003873304737,0.6581385393893993,0.061986287434895836,0.04951816134982639,447,439
FIRE,S70_1.jpg,kernel_21,0.8233131048796445,0.9397670469165093,0.7480654270730187,0.061986287434895836,0.07504102918836805,447,549
FIMD,02_t.jpg,threshold_015,0.4530430624961441,0.6558684969593264,0.5451239123176407,0.09960089789496528,0.2198486328125,795,1846
FIMD,02_t.jpg,threshold_035,0.5770166987250412,0.7820312225370438,0.5928721174004192,0.09960089789496528,0.057471381293402776,795,477
FIMD,02_t.jpg,kernel_09,0.7263995480013183,0.9130031398098353,0.705517936580983,0.09960089789496528,0.08689710828993055,795,861
FIMD,02_t.jpg,kernel_21,0.8418390468533002,0.9517926490435382,0.7748210800260247,0.09960089789496528,0.11400689019097222,795,870
FIMD,07_r.jpg,threshold_015,0.4909642764432197,0.6826054050143262,0.5621096511267047,0.12505594889322916,0.2547149658203125,992,1871
FIMD,07_r.jpg,threshold_035,0.572836593863966,0.7549917913512485,0.6234513791491351,0.12505594889322916,0.0716366238064236,992,552
FIMD,07_r.jpg,kernel_09,0.6625095377167364,0.8839239961903417,0.7135161993879058,0.12505594889322916,0.08920118543836805,992,917
FIMD,07_r.jpg,kernel_21,0.7867655754448207,0.9102994820575236,0.7416732383049637,0.12505594889322916,0.1567162407769097,992,1084
FIMD,08_r.jpg,threshold_015,0.48369512178119817,0.7020227611544158,0.5672135671117866,0.1176418728298611,0.24321492513020834,976,1812
FIMD,08_r.jpg,threshold_035,0.5430622009569378,0.7694440483233834,0.6481765111824686,0.1176418728298611,0.06388685438368055,976,582
FIMD,08_r.jpg,kernel_09,0.6875042690673625,0.9003517852398708,0.7346457845433255,0.1176418728298611,0.09178839789496528,976,980
FIMD,08_r.jpg,kernel_21,0.7922445615166828,0.9221717327819917,0.7450474800295146,0.1176418728298611,0.13671705457899305,976,1022
FIMD,12_t.jpg,threshold_015,0.4315528054010623,0.6161766230727109,0.5339975011507858,0.0701175265842014,0.16247728135850695,548,1332
FIMD,12_t.jpg,threshold_035,0.5718741688226903,0.7837913497000522,0.6320105331239028,0.0701175265842014,0.04009840223524305,548,316
FIMD,12_t.jpg,kernel_09,0.6656408314000284,0.9047609542895676,0.7246553122465531,0.0701175265842014,0.049172295464409724,548,495
FIMD,12_t.jpg,kernel_21,0.8361368323157171,0.9432066944835488,0.778167121938113,0.0701175265842014,0.0838589138454861,548,652
FIMD,18_t.jpg,threshold_015,0.4934124741931979,0.6978908503946626,0.5870229750778817,0.061589558919270836,0.12482367621527778,480,1070
FIMD,18_t.jpg,threshold_035,0.6158779970820601,0.8097744596825373,0.5788898601398602,0.061589558919270836,0.03793165418836805,480,286
FIMD,18_t.jpg,kernel_09,0.7854651322475212,0.9468174365967276,0.6987825021312872,0.061589558919270836,0.048624674479166664,480,391
FIMD,18_t.jpg,kernel_21,0.871339137943441,0.9604910417557648,0.7740166083916085,0.061589558919270836,0.07068379720052083,480,572
FIMD,19_t.jpg,threshold_015,0.47689668679173924,0.6820645473790484,0.5891844450445585,0.05986192491319445,0.12552388509114584,483,1058
FIMD,19_t.jpg,threshold_035,0.5812563724934859,0.8040590677443019,0.596640506966594,0.05986192491319445,0.034795125325520836,483,296
FIMD,19_t.jpg,kernel_09,0.804287562372944,0.94680099982419,0.7176511512895952,0.05986192491319445,0.056004842122395836,483,494
FIMD,19_t.jpg,kernel_21,0.8853749968551086,0.9654962712131974,0.8121634671386111,0.05986192491319445,0.06718953450520833,483,551
FIMD,20_r.jpg,threshold_015,0.4204620598446024,0.6241676335885791,0.549229230163173,0.10349019368489583,0.24613444010416666,828,2097
FIMD,20_r.jpg,threshold_035,0.5880801428548025,0.7976451591844548,0.582354789200993,0.10349019368489583,0.060860527886284724,828,469
FIMD,20_r.jpg,kernel_09,0.6901321956107178,0.9117915303309355,0.7107692622615246,0.10349019368489583,0.07382032606336805,828,708
FIMD,20_r.jpg,kernel_21,0.8461602705975696,0.9501162504716096,0.7882515324970567,0.10349019368489583,0.12137349446614583,828,952
FIMD,22_t.jpg,threshold_015,0.5153059099554359,0.7135692489358886,0.5534493874919406,0.0629306369357639,0.12212287055121528,495,1034
FIMD,22_t.jpg,threshold_035,0.6107279487041327,0.8039078241066354,0.5925212388788548,0.0629306369357639,0.03843349880642361,495,302
FIMD,22_t.jpg,kernel_09,0.8123514805222546,0.9562599949746265,0.7368789940218512,0.0629306369357639,0.05215115017361111,495,441
FIMD,22_t.jpg,kernel_21,0.912543124071416,0.979614945242278,0.8279428904428905,0.0629306369357639,0.06583489312065972,495,520
FIMD,26_r.jpg,threshold_015,0.47664042569498427,0.6737394252317153,0.5970137770719188,0.0738067626953125,0.15484788682725695,566,1286
FIMD,26_r.jpg,threshold_035,0.5862219465692693,0.7869780839973316,0.6299891583681336,0.0738067626953125,0.043267144097222224,566,352
FIMD,26_r.jpg,kernel_09,0.6268088521958491,0.8730306114054567,0.6642021000452163,0.0738067626953125,0.04646131727430555,566,422
FIMD,26_r.jpg,kernel_21,0.8706688976859976,0.960623774603555,0.8093303326510026,0.0738067626953125,0.0816192626953125,566,599
FIMD,27_r.jpg,threshold_015,0.4413108340658388,0.6529131004053614,0.5528325249095041,0.12086995442708333,0.2738884819878472,1044,2173
FIMD,27_r.jpg,threshold_035,0.5288251136172362,0.7373134369736192,0.5961619281766795,0.12086995442708333,0.0639190673828125,1044,547
FIMD,27_r.jpg,kernel_09,0.6611920456433834,0.8929726756999001,0.706813978068437,0.12086995442708333,0.08250935872395833,1044,841
FIMD,27_r.jpg,kernel_21,0.8331724247497769,0.9468037830772092,0.7782417247371407,0.12086995442708333,0.13344828287760416,1044,1087
FIMD,35_r.jpg,threshold_015,0.45184571154137143,0.6532906107798312,0.5442589378320597,0.1164432101779514,0.2577056884765625,952,1985
FIMD,35_r.jpg,threshold_035,0.5385477788616939,0.7503048923382988,0.6044327731092437,0.1164432101779514,0.0627102322048611,952,525
FIMD,35_r.jpg,kernel_09,0.59328,0.8558641415177832,0.668704481792717,0.1164432101779514,0.06926981608072917,952,675
FIMD,35_r.jpg,kernel_21,0.7735305049048868,0.917437648829709,0.7442226890756303,0.1164432101779514,0.1505347357855903,952,1120
FIMD,38_r.jpg,threshold_015,0.44947464003113247,0.6457948547354737,0.5529364868456019,0.0998687744140625,0.2221900092230903,795,1775
FIMD,38_r.jpg,threshold_035,0.5448603683897801,0.7682217220277668,0.6183300231711354,0.0998687744140625,0.05441453721788195,795,456
FIMD,38_r.jpg,kernel_09,0.640524394291404,0.8779191840323415,0.6896805185785392,0.0998687744140625,0.0677371554904514,795,652
FIMD,38_r.jpg,kernel_21,0.7798945330752286,0.9115090392903806,0.748741428510584,0.0998687744140625,0.12616984049479166,795,886
FIMD,41_t.jpg,threshold_015,0.5126946204774149,0.7239680573371813,0.5885446873534876,0.0858645968967014,0.1674770779079861,665,1299
FIMD,41_t.jpg,threshold_035,0.578872544180077,0.8155149035663363,0.607085020242915,0.0858645968967014,0.049704657660590276,665,390
FIMD,41_t.jpg,kernel_09,0.5581308116004975,0.8515953702626302,0.6472119897058082,0.0858645968967014,0.04794481065538195,665,447
FIMD,41_t.jpg,kernel_21,0.8052565468335109,0.9413885106167029,0.7508822870183589,0.0858645968967014,0.10663011338975695,665,738
FIMD,42_r.jpg,threshold_015,0.46366445410849166,0.6729967960355572,0.5643452051658686,0.09616597493489583,0.2074042426215278,775,1691
FIMD,42_r.jpg,threshold_035,0.55397471835828,0.7696524866743107,0.5967624097805273,0.09616597493489583,0.053273518880208336,775,438
FIMD,42_r.jpg,kernel_09,0.6942116246450686,0.9116952850560253,0.7176938915579958,0.09616597493489583,0.07176038953993055,775,705
FIMD,42_r.jpg,kernel_21,0.8310591681487349,0.9473696018863246,0.7824540972788323,0.09616597493489583,0.1115536159939236,775,831
FIMD,43_r.jpg,threshold_015,0.49005090992294054,0.7098572670087184,0.5706981203766371,0.1016727023654514,0.2074737548828125,838,1608
FIMD,43_r.jpg,threshold_035,0.5592222648368324,0.7700825001896452,0.5880253736967718,0.1016727023654514,0.05685763888888889,838,475
FIMD,43_r.jpg,kernel_09,0.584503284756728,0.8559438166851513,0.6687264191812976,0.1016727023654514,0.059441460503472224,838,606
FIMD,43_r.jpg,kernel_21,0.7984156570363466,0.934208785523808,0.7583519497636264,0.1016727023654514,0.1273430718315972,838,938
FIMD,43_t.jpg,threshold_015,0.5295734208367514,0.7669746928589405,0.6124145959869991,0.04377916124131945,0.0826687282986111,329,577
FIMD,43_t.jpg,threshold_035,0.5413600805514678,0.7884976249508766,0.6288962393468025,0.04377916124131945,0.023700290256076388,329,204
FIMD,43_t.jpg,kernel_09,0.5477456647398844,0.8351237996947568,0.6297483726804625,0.04377916124131945,0.024315728081597224,329,219
FIMD,43_t.jpg,kernel_21,0.8082806573957017,0.9530707880659165,0.780229384261691,0.04377916124131945,0.05322265625,329,353
FIMD,45_t.jpg,threshold_015,0.5185961839800903,0.7194738807382484,0.6021280274679808,0.11446634928385417,0.22072347005208334,788,1644
FIMD,45_t.jpg,threshold_035,0.6066651855143301,0.8278807727282619,0.6309624324791715,0.11446634928385417,0.0694427490234375,788,499
FIMD,45_t.jpg,kernel_09,0.6105317820100771,0.8963938421401902,0.6717582558603776,0.11446634928385417,0.08008660210503472,788,712
FIMD,45_t.jpg,kernel_21,0.8441137260934215,0.9641289670013479,0.7789993466351711,0.11446634928385417,0.12944200303819445,788,808
FIMD,49_t.jpg,threshold_015,0.5295734208367514,0.7669746928589405,0.6124145959869991,0.04377916124131945,0.0826687282986111,329,577
FIMD,49_t.jpg,threshold_035,0.5413600805514678,0.7884976249508766,0.6288962393468025,0.04377916124131945,0.023700290256076388,329,204
FIMD,49_t.jpg,kernel_09,0.5477456647398844,0.8351237996947568,0.6297483726804625,0.04377916124131945,0.024315728081597224,329,219
FIMD,49_t.jpg,kernel_21,0.8082806573957017,0.9530707880659165,0.780229384261691,0.04377916124131945,0.05322265625,329,353
FIMD,50_t.jpg,threshold_015,0.5003151638852203,0.7385672259036313,0.5794468546637744,0.05652025010850695,0.11296929253472222,496,922
FIMD,50_t.jpg,threshold_035,0.5677175510693824,0.7853435541327913,0.5950313127732483,0.05652025010850695,0.03208753797743055,496,273
FIMD,50_t.jpg,kernel_09,0.7260139652354777,0.9290255495184393,0.7390922894376961,0.05652025010850695,0.04196506076388889,496,401
FIMD,50_t.jpg,kernel_21,0.8445754655723228,0.9583659773042519,0.7937678131882369,0.05652025010850695,0.0638851589626736,496,498
FIMD,51_t.jpg,threshold_015,0.5185961839800903,0.7194738807382484,0.6021280274679808,0.11446634928385417,0.22072347005208334,788,1644
FIMD,51_t.jpg,threshold_035,0.6066651855143301,0.8278807727282619,0.6309624324791715,0.11446634928385417,0.0694427490234375,788,499
FIMD,51_t.jpg,kernel_09,0.6105317820100771,0.8963938421401902,0.6717582558603776,0.11446634928385417,0.08008660210503472,788,712
FIMD,51_t.jpg,kernel_21,0.8441137260934215,0.9641289670013479,0.7789993466351711,0.11446634928385417,0.12944200303819445,788,808
FIMD,55_t.jpg,threshold_015,0.4564987538705536,0.6696273319174304,0.5642964259719399,0.10247972276475695,0.2244906955295139,855,1864
FIMD,55_t.jpg,threshold_035,0.5590040532715692,0.7650099462213988,0.5631469753221228,0.10247972276475695,0.057286580403645836,855,482
FIMD,55_t.jpg,kernel_09,0.7489268453756792,0.9249677322253095,0.7015282821877622,0.10247972276475695,0.0950775146484375,855,913
FIMD,55_t.jpg,kernel_21,0.8549987930765189,0.9555429607371978,0.7749797570850203,0.10247972276475695,0.11901346842447917,855,975
FIMD,56_r.jpg,threshold_015,0.47088601882009584,0.6580119759701932,0.5711576701989072,0.10613505045572917,0.2253943549262153,841,1883
FIMD,56_r.jpg,threshold_035,0.608392837175125,0.7954920621748595,0.6299832287422513,0.10613505045572917,0.0645718044704861,841,497
FIMD,56_r.jpg,kernel_09,0.6950724303775595,0.8949616680938027,0.6855256154312431,0.10613505045572917,0.09344312879774305,841,869
FIMD,56_r.jpg,kernel_21,0.8208675356009546,0.940704962264316,0.7600937896773414,0.10613505045572917,0.1292961968315972,841,944
FIMD,68_r.jpg,threshold_015,0.4890935310615781,0.6791781996668346,0.5627001759649589,0.07302686903211805,0.1493106418185764,536,1179
FIMD,68_r.jpg,threshold_035,0.5995403152787129,0.7965452932675711,0.5996777979538509,0.07302686903211805,0.043782552083333336,536,337
FIMD,68_r.jpg,kernel_09,0.6819133155873448,0.8929150891347518,0.6484403720314683,0.07302686903211805,0.0673065185546875,536,609
FIMD,68_r.jpg,kernel_21,0.8564224206665604,0.9598663513520487,0.766540693966067,0.07302686903211805,0.0848727756076389,536,585
FIMD,69_r.jpg,threshold_015,0.4564987538705536,0.6696273319174304,0.5642964259719399,0.10247972276475695,0.2244906955295139,855,1864
FIMD,69_r.jpg,threshold_035,0.5590040532715692,0.7650099462213988,0.5631469753221228,0.10247972276475695,0.057286580403645836,855,482
FIMD,69_r.jpg,kernel_09,0.7489268453756792,0.9249677322253095,0.7015282821877622,0.10247972276475695,0.0950775146484375,855,913
FIMD,69_r.jpg,kernel_21,0.8549987930765189,0.9555429607371978,0.7749797570850203,0.10247972276475695,0.11901346842447917,855,975
