dataset,image,perturbation_type,perturbation,mask_iou,skeleton_f1,junction_repeatability,valid_fraction
Lab4,08_g.jpg,photometric,brightness_minus30,0.9841050993677493,0.9982438437427964,0.9510951734832331,1.0
Lab4,08_g.jpg,photometric,brightness_plus30,0.986247058590892,0.9986421661209122,0.9553976600865295,1.0
Lab4,08_g.jpg,photometric,contrast_070,0.8768367407642428,0.9671217236360881,0.7682486948267679,1.0
Lab4,08_g.jpg,photometric,contrast_130,0.976207762646678,0.9965116008979764,0.9343074014346884,1.0
Lab4,08_g.jpg,photometric,gaussian_blur,0.6375346711545865,0.7819486354011972,0.6336759222919937,1.0
Lab4,08_g.jpg,affine,rotate_minus10_translate,0.8353431605950773,0.9479808976695124,0.7475866990098101,0.9226226806640625
Lab4,08_g.jpg,affine,rotate_plus10_translate,0.825725567620928,0.9352431994160834,0.7374995700013268,0.9226226806640625
Lab4,08_g.jpg,affine,scale_095,0.8606884593031565,0.9601282642696144,0.7679325023422543,1.0
Lab4,08_g.jpg,affine,scale_105,0.8575517146552866,0.9689275563222377,0.757083382083382,0.908447265625
Lab4,14_test.tif,photometric,brightness_minus30,0.9601914184054252,0.9799746101551471,0.9142308684991611,1.0
Lab4,14_test.tif,photometric,brightness_plus30,0.9812007049735635,0.9963248519896356,0.9403130804264306,1.0
Lab4,14_test.tif,photometric,contrast_070,0.811795874597868,0.927122997935444,0.7246967442279941,1.0
Lab4,14_test.tif,photometric,contrast_130,0.9553975595355245,0.9796925741443311,0.9043048730548731,1.0
Lab4,14_test.tif,photometric,gaussian_blur,0.5835582234104265,0.7392745970535718,0.6273329319686936,1.0
Lab4,14_test.tif,affine,rotate_minus10_translate,0.8051911115507796,0.918169298410937,0.7363725341976044,0.9226226806640625
Lab4,14_test.tif,affine,rotate_plus10_translate,0.7464795746853095,0.8817046508580564,0.695363184692453,0.9226226806640625
Lab4,14_test.tif,affine,scale_095,0.8158136684033098,0.9214296122238778,0.744668911335578,1.0
Lab4,14_test.tif,affine,scale_105,0.597304170268205,0.8123622555675546,0.6532316853697098,0.908447265625
Lab4,23_training.tif,photometric,brightness_minus30,0.9224558179754634,0.9545174036136345,0.8839307436542048,1.0
Lab4,23_training.tif,photometric,brightness_plus30,0.9804486157971668,0.9970801455944833,0.9361656121995869,1.0
Lab4,23_training.tif,photometric,contrast_070,0.841947374829804,0.9588762073869476,0.7678759739479177,1.0
Lab4,23_training.tif,photometric,contrast_130,0.9181273816004355,0.9534063714430381,0.8659073614037294,1.0
Lab4,23_training.tif,photometric,gaussian_blur,0.6016767314796381,0.7746248861110223,0.641983141484637,1.0
Lab4,23_training.tif,affine,rotate_minus10_translate,0.3440053065059975,0.6054396912400546,0.5190151247667154,0.9226226806640625
Lab4,23_training.tif,affine,rotate_plus10_translate,0.6387424760940612,0.8376793951338718,0.6606835338141419,0.9226226806640625
Lab4,23_training.tif,affine,scale_095,0.82282011671816,0.9320169523662145,0.7345161759400893,1.0
Lab4,23_training.tif,affine,scale_105,0.3144753789755276,0.5738371978361048,0.5237302896956362,0.908447265625
Lab4,Image_13R.jpg,photometric,brightness_minus30,0.9729056802189815,0.9943128587152911,0.9315373437954083,1.0
Lab4,Image_13R.jpg,photometric,brightness_plus30,0.979061416735322,0.996301199799204,0.939877923526132,1.0
Lab4,Image_13R.jpg,photometric,contrast_070,0.8580507484540257,0.9518438411171879,0.7733608417577883,1.0
Lab4,Image_13R.jpg,photometric,contrast_130,0.9419650810618208,0.986359126114028,0.8663940399151666,1.0
Lab4,Image_13R.jpg,photometric,gaussian_blur,0.5265544346298069,0.6967059838215229,0.5906374073188232,1.0
Lab4,Image_13R.jpg,affine,rotate_minus10_translate,0.797821437912519,0.9143180090504763,0.7296730105579663,0.9226226806640625
Lab4,Image_13R.jpg,affine,rotate_plus10_translate,0.8404167355713577,0.9371257140322007,0.767978648341872,0.9226226806640625
Lab4,Image_13R.jpg,affine,scale_095,0.8119979308666018,0.9201346224328749,0.7002906052427256,1.0
Lab4,Image_13R.jpg,affine,scale_105,0.8358091191867082,0.9459669721670527,0.7455070972428195,0.908447265625
Lab4,im0002.ppm,photometric,brightness_minus30,0.9331452528408771,0.9898027380320886,0.8735679275638868,1.0
Lab4,im0002.ppm,photometric,brightness_plus30,0.9312775429445094,0.9887990920144384,0.8768943341730266,1.0
Lab4,im0002.ppm,photometric,contrast_070,0.6672691349154674,0.8589406518552681,0.6950933172787477,1.0
Lab4,im0002.ppm,photometric,contrast_130,0.9477074564880043,0.9920008181886389,0.8927230571790137,1.0
Lab4,im0002.ppm,photometric,gaussian_blur,0.47819557298963294,0.6194592683960024,0.5645756121271037,1.0
Lab4,im0002.ppm,affine,rotate_minus10_translate,0.6417211121178883,0.8220770961777151,0.6566309191087094,0.9226226806640625
Lab4,im0002.ppm,affine,rotate_plus10_translate,0.6356770300059024,0.8202997132212354,0.6441274680603949,0.9226226806640625
Lab4,im0002.ppm,affine,scale_095,0.6937835932681293,0.8541774314950058,0.6672027424363167,1.0
Lab4,im0002.ppm,affine,scale_105,0.60020916524054,0.7958239556361758,0.6429865424430641,0.908447265625
Lab4,im0013.ppm,photometric,brightness_minus30,0.9673942701227831,0.9947545229820303,0.9219199754233965,1.0
Lab4,im0013.ppm,photometric,brightness_plus30,0.9598273531199226,0.9927951570290227,0.9188758414138718,1.0
Lab4,im0013.ppm,photometric,contrast_070,0.9235176728412444,0.9836005359050575,0.8502874979162376,1.0
Lab4,im0013.ppm,photometric,contrast_130,0.9559010740461507,0.9925431981564703,0.9019277253159964,1.0
Lab4,im0013.ppm,photometric,gaussian_blur,0.5523018319424605,0.7116927698486962,0.6066348728246318,1.0
Lab4,im0013.ppm,affine,rotate_minus10_translate,0.7731097835164129,0.9059704900422395,0.7294035175332558,0.9226226806640625
Lab4,im0013.ppm,affine,rotate_plus10_translate,0.7306666666666667,0.8754637352741512,0.7003912371543499,0.9226226806640625
Lab4,im0013.ppm,affine,scale_095,0.7647940166150997,0.8955432131155853,0.7113916428748355,1.0
Lab4,im0013.ppm,affine,scale_105,0.7120723636980669,0.8810079628995957,0.7132780607285876,0.908447265625
Lab4,im0021.ppm,photometric,brightness_minus30,0.9734355794455961,0.996368437603776,0.923699026185274,1.0
Lab4,im0021.ppm,photometric,brightness_plus30,0.980378351336829,0.9973487923828875,0.9360539482915325,1.0
Lab4,im0021.ppm,photometric,contrast_070,0.9242399432345396,0.9850078593951662,0.8486076910620857,1.0
Lab4,im0021.ppm,photometric,contrast_130,0.9344118933100131,0.9873742536837397,0.8517652379812168,1.0
Lab4,im0021.ppm,photometric,gaussian_blur,0.7545339286698638,0.8925754519452351,0.7203939215070002,1.0
Lab4,im0021.ppm,affine,rotate_minus10_translate,0.8243029732360874,0.9274562318238817,0.7472461046769598,0.9226226806640625
Lab4,im0021.ppm,affine,rotate_plus10_translate,0.6425553115716052,0.8533248707027586,0.6914255287896592,0.9226226806640625
Lab4,im0021.ppm,affine,scale_095,0.8496922235744395,0.9567901259297681,0.7719466860275972,1.0
Lab4,im0021.ppm,affine,scale_105,0.8684324324324324,0.9754261048677418,0.7974487897754629,0.908447265625
Lab4,im0027.ppm,photometric,brightness_minus30,0.9813557332796807,0.9981505234778528,0.9576712518144743,1.0
Lab4,im0027.ppm,photometric,brightness_plus30,0.9862362910426389,0.9980981799627043,0.9579653649302391,1.0
Lab4,im0027.ppm,photometric,contrast_070,0.8953018098479998,0.974622928838259,0.8092838874680307,1.0
Lab4,im0027.ppm,photometric,contrast_130,0.966053820002368,0.9947368780578885,0.9037355455002514,1.0
Lab4,im0027.ppm,photometric,gaussian_blur,0.760190603577997,0.875132268894061,0.7072349955210511,1.0
Lab4,im0027.ppm,affine,rotate_minus10_translate,0.7497030233063963,0.8982677628536154,0.7094827445541323,0.9226226806640625
Lab4,im0027.ppm,affine,rotate_plus10_translate,0.6607800101300016,0.8485350993414439,0.6796651522799932,0.9226226806640625
Lab4,im0027.ppm,affine,scale_095,0.8865384615384615,0.9737578767660051,0.7852970514889248,1.0
Lab4,im0027.ppm,affine,scale_105,0.8355298367674605,0.9593755769693268,0.7613125046715001,0.908447265625
Lab4,im0043.ppm,photometric,brightness_minus30,0.9712453684187171,0.9924213086846642,0.9355973205802748,1.0
Lab4,im0043.ppm,photometric,brightness_plus30,0.9708077551561188,0.9932588892442198,0.9331871022555531,1.0
Lab4,im0043.ppm,photometric,contrast_070,0.8451271000087959,0.9357900583042277,0.7710136901118334,1.0
Lab4,im0043.ppm,photometric,contrast_130,0.9396199799089491,0.9778592065813335,0.8818040042261805,1.0
Lab4,im0043.ppm,photometric,gaussian_blur,0.6746622305150282,0.8108753389118507,0.6455836756202333,1.0
Lab4,im0043.ppm,affine,rotate_minus10_translate,0.8046299315291816,0.9082498556759192,0.7504549308790884,0.9226226806640625
Lab4,im0043.ppm,affine,rotate_plus10_translate,0.7915962327940111,0.8962587854343335,0.7507487742993952,0.9226226806640625
Lab4,im0043.ppm,affine,scale_095,0.8253123705270503,0.9195699970837504,0.7349057614050118,1.0
Lab4,im0043.ppm,affine,scale_105,0.7828746177370031,0.858814663013285,0.7476023723894252,0.908447265625
Lab4,im0044.ppm,photometric,brightness_minus30,0.9768185767316958,0.9961819716341136,0.9378814340101794,1.0
Lab4,im0044.ppm,photometric,brightness_plus30,0.9067716594908981,0.9743232798779168,0.870914035943863,1.0
Lab4,im0044.ppm,photometric,contrast_070,0.8718038121803812,0.96898348205969,0.7716867972837582,1.0
Lab4,im0044.ppm,photometric,contrast_130,0.8777608253414705,0.9683233398624812,0.8155333743036695,1.0
Lab4,im0044.ppm,photometric,gaussian_blur,0.8085674732388325,0.9172106182634974,0.7272938893189289,1.0
Lab4,im0044.ppm,affine,rotate_minus10_translate,0.8009265437629878,0.9239062446984223,0.7504698561085532,0.9226226806640625
Lab4,im0044.ppm,affine,rotate_plus10_translate,0.8170344279843917,0.9229507491701265,0.7626432177990585,0.9226226806640625
Lab4,im0044.ppm,affine,scale_095,0.7795549041785481,0.9330663223233215,0.7276807359407118,1.0
Lab4,im0044.ppm,affine,scale_105,0.8012485948289706,0.9488174604983816,0.7569279381248821,0.908447265625
Lab4,im0058.ppm,photometric,brightness_minus30,0.9555014006088095,0.9854860736824079,0.8728641815468163,1.0
Lab4,im0058.ppm,photometric,brightness_plus30,0.9745866584365769,0.993494127189833,0.9158243020247971,1.0
Lab4,im0058.ppm,photometric,contrast_070,0.9064167356354224,0.970703627048156,0.8112833310697632,1.0
Lab4,im0058.ppm,photometric,contrast_130,0.9449788841584074,0.9819620994900741,0.8592750805516762,1.0
Lab4,im0058.ppm,photometric,gaussian_blur,0.312651123780972,0.48151486392321013,0.525138260432378,1.0
Lab4,im0058.ppm,affine,rotate_minus10_translate,0.40247427681982656,0.6787130166832293,0.5643214176155331,0.9226226806640625
Lab4,im0058.ppm,affine,rotate_plus10_translate,0.40474959186363685,0.6737870196443124,0.570310969139705,0.9226226806640625
Lab4,im0058.ppm,affine,scale_095,0.6672240223173288,0.849725736473206,0.6793003776610333,1.0
Lab4,im0058.ppm,affine,scale_105,0.7534857780256553,0.9166070815435411,0.7425793220122574,0.908447265625
Lab4,im0071.ppm,photometric,brightness_minus30,0.9672869387573834,0.9919618449360078,0.9010624713444224,1.0
Lab4,im0071.ppm,photometric,brightness_plus30,0.9728195053688204,0.9932275700260729,0.9175732472774858,1.0
Lab4,im0071.ppm,photometric,contrast_070,0.7911620681196682,0.9243073927347571,0.7171386461061127,1.0
Lab4,im0071.ppm,photometric,contrast_130,0.9169369399491775,0.9750369778749606,0.8025642234762151,1.0
Lab4,im0071.ppm,photometric,gaussian_blur,0.3622541460379298,0.5490346973626209,0.5248435555100858,1.0
Lab4,im0071.ppm,affine,rotate_minus10_translate,0.7758554288253592,0.9115844953731816,0.7353505115574082,0.9226226806640625
Lab4,im0071.ppm,affine,rotate_plus10_translate,0.5927052296311518,0.8268029341294212,0.671188243982426,0.9226226806640625
Lab4,im0071.ppm,affine,scale_095,0.7660713505960438,0.9052898657085338,0.7064496829388466,1.0
Lab4,im0071.ppm,affine,scale_105,0.6955970959569078,0.8886779914960485,0.708466718392291,0.908447265625
Lab4,im0095.ppm,photometric,brightness_minus30,0.7615963883286769,0.8634435596475839,0.7750177981416915,1.0
Lab4,im0095.ppm,photometric,brightness_plus30,0.961723206244371,0.9950698047620975,0.9175742407203904,1.0
Lab4,im0095.ppm,photometric,contrast_070,0.847581536369046,0.962383365232538,0.7943451886759079,1.0
Lab4,im0095.ppm,photometric,contrast_130,0.7534446103044284,0.8649777733664868,0.7567604102664407,1.0
Lab4,im0095.ppm,photometric,gaussian_blur,0.414923417306834,0.5359184794388211,0.5280562017668686,1.0
Lab4,im0095.ppm,affine,rotate_minus10_translate,0.33405146876649466,0.5214167532310929,0.516322679682878,0.9226226806640625
Lab4,im0095.ppm,affine,rotate_plus10_translate,0.680670472933777,0.8546702471073478,0.7011403567147154,0.9226226806640625
Lab4,im0095.ppm,affine,scale_095,0.6062374916611074,0.7974754918023815,0.6390933309466773,1.0
Lab4,im0095.ppm,affine,scale_105,0.5562307482765124,0.78182366078447,0.6208097191345461,0.908447265625
Lab4,im0097.ppm,photometric,brightness_minus30,0.9570711214677213,0.9844434704784676,0.9132585525184803,1.0
Lab4,im0097.ppm,photometric,brightness_plus30,0.9349703229267966,0.9881180219762747,0.837134203901825,1.0
Lab4,im0097.ppm,photometric,contrast_070,0.7610382011201203,0.9011861958347559,0.7018101092896174,1.0
Lab4,im0097.ppm,photometric,contrast_130,0.9448007822858658,0.981983584490739,0.8811301534036433,1.0
Lab4,im0097.ppm,photometric,gaussian_blur,0.6541045550803471,0.7984993251119332,0.6389587525150906,1.0
Lab4,im0097.ppm,affine,rotate_minus10_translate,0.8655960164813312,0.9530490876950454,0.757486046270502,0.9226226806640625
Lab4,im0097.ppm,affine,rotate_plus10_translate,0.8626782143087542,0.9499175619926052,0.7672616836631323,0.9226226806640625
Lab4,im0097.ppm,affine,scale_095,0.8201365270822003,0.9284398469604649,0.7155091664996995,1.0
Lab4,im0097.ppm,affine,scale_105,0.8630305085293096,0.9626119565013634,0.7696414998081353,0.908447265625
Lab4,im0103.ppm,photometric,brightness_minus30,0.9506383684297794,0.9927284979703385,0.9035928143712575,1.0
Lab4,im0103.ppm,photometric,brightness_plus30,0.9688022002125972,0.9966103867338864,0.9271986865500546,1.0
Lab4,im0103.ppm,photometric,contrast_070,0.7474911577059112,0.9151970994161382,0.7306363209410056,1.0
Lab4,im0103.ppm,photometric,contrast_130,0.9365735953119614,0.9895014284851203,0.8784040703067817,1.0
Lab4,im0103.ppm,photometric,gaussian_blur,0.48111852231913804,0.603477986704989,0.5631667179236692,1.0
Lab4,im0103.ppm,affine,rotate_minus10_translate,0.6791701823251036,0.8278692462841358,0.6488585558549731,0.9226226806640625
Lab4,im0103.ppm,affine,rotate_plus10_translate,0.4635461296772351,0.6500999896041437,0.5032406820049755,0.9226226806640625
Lab4,im0103.ppm,affine,scale_095,0.6338011793040446,0.7981914585944279,0.6260563618525661,1.0
Lab4,im0103.ppm,affine,scale_105,0.47869520113728053,0.6682677768747072,0.514912326707575,0.908447265625
Lab4,im0134.ppm,photometric,brightness_minus30,0.7893900941465412,0.9361922235955749,0.7084147858216796,1.0
Lab4,im0134.ppm,photometric,brightness_plus30,0.9749016151512667,0.9953108161170969,0.9346902682311049,1.0
Lab4,im0134.ppm,photometric,contrast_070,0.8763239019625797,0.9681679675503816,0.7876287774725275,1.0
Lab4,im0134.ppm,photometric,contrast_130,0.8509572484958786,0.9629278349840007,0.7586070179820179,1.0
Lab4,im0134.ppm,photometric,gaussian_blur,0.6245908346972177,0.7333456845548363,0.6025320766491127,1.0
Lab4,im0134.ppm,affine,rotate_minus10_translate,0.8214596133673011,0.9298097165081773,0.7514663945242712,0.9226226806640625
Lab4,im0134.ppm,affine,rotate_plus10_translate,0.8202499231793506,0.9264232472118777,0.7306340503689903,0.9226226806640625
Lab4,im0134.ppm,affine,scale_095,0.6513756351900517,0.8633063437077394,0.6792128667128667,1.0
Lab4,im0134.ppm,affine,scale_105,0.5648629899410337,0.7738012842949696,0.6162600163564447,0.908447265625
Lab4,im0155.ppm,photometric,brightness_minus30,0.9497002472737623,0.9884163740907179,0.8793717969321977,1.0
Lab4,im0155.ppm,photometric,brightness_plus30,0.9756661117630471,0.9949775855405684,0.9313744259392465,1.0
Lab4,im0155.ppm,photometric,contrast_070,0.8626559901111586,0.9631339218676753,0.7886235233692861,1.0
Lab4,im0155.ppm,photometric,contrast_130,0.9355701050897075,0.9837787565568795,0.8638902778516588,1.0
Lab4,im0155.ppm,photometric,gaussian_blur,0.46456265929179547,0.6108083999138237,0.564627683873915,1.0
Lab4,im0155.ppm,affine,rotate_minus10_translate,0.24011792061119416,0.44208977503348795,0.4640332027865387,0.9226226806640625
Lab4,im0155.ppm,affine,rotate_plus10_translate,0.2851270398677959,0.5013234104206576,0.498623031932153,0.9226226806640625
Lab4,im0155.ppm,affine,scale_095,0.6910446697432425,0.8638414337173722,0.7015615774733177,1.0
Lab4,im0155.ppm,affine,scale_105,0.3336795554080245,0.5778321530013849,0.5185425140073666,0.908447265625
Lab4,im0193.ppm,photometric,brightness_minus30,0.9220384013868215,0.9817255966760754,0.8649286509477256,1.0
Lab4,im0193.ppm,photometric,brightness_plus30,0.9720573094576,0.9967889252692839,0.9318772707108482,1.0
Lab4,im0193.ppm,photometric,contrast_070,0.7806068960161529,0.9376352840596628,0.7417149570431874,1.0
Lab4,im0193.ppm,photometric,contrast_130,0.9119277142560404,0.9785980828505374,0.8556055083474225,1.0
Lab4,im0193.ppm,photometric,gaussian_blur,0.4698154306941284,0.6101581922146637,0.5610482139371462,1.0
Lab4,im0193.ppm,affine,rotate_minus10_translate,0.7049833183286554,0.878405952313046,0.7075803694884006,0.9226226806640625
Lab4,im0193.ppm,affine,rotate_plus10_translate,0.5890820352393545,0.7945918335082709,0.6467338355246578,0.9226226806640625
Lab4,im0193.ppm,affine,scale_095,0.6821365942402731,0.856931767094018,0.6875521326297319,1.0
Lab4,im0193.ppm,affine,scale_105,0.6927375528352637,0.8717683859441435,0.7123568882912756,0.908447265625
Lab4,im0237.ppm,photometric,brightness_minus30,0.8760566775132138,0.9156460783827519,0.8305316638537326,1.0
Lab4,im0237.ppm,photometric,brightness_plus30,0.9780788525400975,0.9966322379467625,0.9328384637455425,1.0
Lab4,im0237.ppm,photometric,contrast_070,0.7733607855559075,0.8692368676788852,0.6822057316145732,1.0
Lab4,im0237.ppm,photometric,contrast_130,0.848473890961687,0.9109368258857362,0.7711470263864832,1.0
Lab4,im0237.ppm,photometric,gaussian_blur,0.7101735921027071,0.786906618881906,0.6319893029165804,1.0
Lab4,im0237.ppm,affine,rotate_minus10_translate,0.805091404326646,0.8857120902557897,0.7279674999892298,0.9226226806640625
Lab4,im0237.ppm,affine,rotate_plus10_translate,0.7890523018014098,0.8757165093087641,0.7114534188774239,0.9226226806640625
Lab4,im0237.ppm,affine,scale_095,0.7888257257223587,0.8719297096217097,0.679971494456882,1.0
Lab4,im0237.ppm,affine,scale_105,0.7851111783900158,0.881710441706919,0.7047218841485478,0.908447265625
Lab4,im0255.ppm,photometric,brightness_minus30,0.9711985038183801,0.995177317562409,0.9211709790136868,1.0
Lab4,im0255.ppm,photometric,brightness_plus30,0.9811927326038012,0.9970338425942384,0.9435664321090106,1.0
Lab4,im0255.ppm,photometric,contrast_070,0.8310019621495032,0.9409940681303581,0.7305913649943739,1.0
Lab4,im0255.ppm,photometric,contrast_130,0.9630391842559749,0.9925362211944894,0.9090986764431741,1.0
Lab4,im0255.ppm,photometric,gaussian_blur,0.6471280897003043,0.7542976202784063,0.5860937763535166,1.0
Lab4,im0255.ppm,affine,rotate_minus10_translate,0.8085696770238441,0.9175066334816394,0.6968440044411548,0.9226226806640625
Lab4,im0255.ppm,affine,rotate_plus10_translate,0.831496030174839,0.9301700056784896,0.7273908505260624,0.9226226806640625
Lab4,im0255.ppm,affine,scale_095,0.7962902301203832,0.9103860079538946,0.6931103487707262,1.0
Lab4,im0255.ppm,affine,scale_105,0.839022954679223,0.9480073220077717,0.722793597737353,0.908447265625
Lab4,im0291.ppm,photometric,brightness_minus30,0.9565015561533998,0.9904591363400524,0.9149208164364304,1.0
Lab4,im0291.ppm,photometric,brightness_plus30,0.9196381283844399,0.9864738301966162,0.846422446232285,1.0
Lab4,im0291.ppm,photometric,contrast_070,0.7120197810266267,0.9009704940463066,0.698491426014862,1.0
Lab4,im0291.ppm,photometric,contrast_130,0.9279747460648099,0.9867829821137649,0.865348248221739,1.0
Lab4,im0291.ppm,photometric,gaussian_blur,0.3699459319733753,0.49714246087792185,0.5088773314203731,1.0
Lab4,im0291.ppm,affine,rotate_minus10_translate,0.45680946136286366,0.6696763223332579,0.5568840579710145,0.9226226806640625
Lab4,im0291.ppm,affine,rotate_plus10_translate,0.33753703837537036,0.5233483250859333,0.4994296345254706,0.9226226806640625
Lab4,im0291.ppm,affine,scale_095,0.6548992649780551,0.8409780742933024,0.650044824813538,1.0
Lab4,im0291.ppm,affine,scale_105,0.43061752420732863,0.6251734152583522,0.5207787201233616,0.908447265625
Lab4,im0326.ppm,photometric,brightness_minus30,0.9436013972880593,0.9812326967214505,0.8888847322125788,1.0
Lab4,im0326.ppm,photometric,brightness_plus30,0.9696231551798252,0.9937467910005336,0.9174835832444528,1.0
Lab4,im0326.ppm,photometric,contrast_070,0.8570187889880841,0.960057548567704,0.7930141958986369,1.0
Lab4,im0326.ppm,photometric,contrast_130,0.9310899658778816,0.9781094881222778,0.8666384340297384,1.0
Lab4,im0326.ppm,photometric,gaussian_blur,0.5217927401124666,0.6426510792480645,0.5768396725631223,1.0
Lab4,im0326.ppm,affine,rotate_minus10_translate,0.7401930894308943,0.8875744022442899,0.7109182801041263,0.9226226806640625
Lab4,im0326.ppm,affine,rotate_plus10_translate,0.7315015909894439,0.8839069671261345,0.7225057787844924,0.9226226806640625
Lab4,im0326.ppm,affine,scale_095,0.718814760952554,0.8737879037495221,0.7027799736495388,1.0
Lab4,im0326.ppm,affine,scale_105,0.6188126295784382,0.8093897314297016,0.6561003452752334,0.908447265625
Lab4,im0328.ppm,photometric,brightness_minus30,0.9611551880705443,0.9914715555333891,0.9012904698599418,1.0
Lab4,im0328.ppm,photometric,brightness_plus30,0.9736246991812894,0.9966496687717917,0.9274822409324686,1.0
Lab4,im0328.ppm,photometric,contrast_070,0.770867470171989,0.9067420447039314,0.7070046910721178,1.0
Lab4,im0328.ppm,photometric,contrast_130,0.944932066851028,0.9880715100749602,0.8694610929202697,1.0
Lab4,im0328.ppm,photometric,gaussian_blur,0.600192244515556,0.6957447239004437,0.5964615008853881,1.0
Lab4,im0328.ppm,affine,rotate_minus10_translate,0.7775563333790062,0.8981241885231747,0.7195640177924502,0.9226226806640625
Lab4,im0328.ppm,affine,rotate_plus10_translate,0.7274406230223818,0.8501393620812259,0.6790918179623663,0.9226226806640625
Lab4,im0328.ppm,affine,scale_095,0.729467915856461,0.8575518944842967,0.6768441303302275,1.0
Lab4,im0328.ppm,affine,scale_105,0.7471081821251266,0.8732439927865331,0.6987302578650971,0.908447265625
Lab4,im0330.ppm,photometric,brightness_minus30,0.8873435152729093,0.9511832276214746,0.8401431536334768,1.0
Lab4,im0330.ppm,photometric,brightness_plus30,0.8492744618331974,0.963593754334505,0.7527361102427592,1.0
Lab4,im0330.ppm,photometric,contrast_070,0.7270219290929388,0.8878700718270396,0.6856924849637476,1.0
Lab4,im0330.ppm,photometric,contrast_130,0.874505377435065,0.9445321477572334,0.8270289078738932,1.0
Lab4,im0330.ppm,photometric,gaussian_blur,0.5946803225436619,0.7051919612980442,0.5913211495198238,1.0
Lab4,im0330.ppm,affine,rotate_minus10_translate,0.7760379133026346,0.9032829895349407,0.7379247804505535,0.9226226806640625
Lab4,im0330.ppm,affine,rotate_plus10_translate,0.7098556061633879,0.8496491789667653,0.6645671937457993,0.9226226806640625
Lab4,im0330.ppm,affine,scale_095,0.6782311724972275,0.817569549844839,0.6359246239185519,1.0
Lab4,im0330.ppm,affine,scale_105,0.7674679254737009,0.8979857986949391,0.6902448463475862,0.908447265625
FIRE,A05_2.jpg,photometric,brightness_minus30,0.981112494811125,0.997928627517238,0.9494478387998437,1.0
FIRE,A05_2.jpg,photometric,brightness_plus30,0.9819304666056725,0.9974872915843324,0.9511255634201465,1.0
FIRE,A05_2.jpg,photometric,contrast_070,0.8584697863851717,0.966544722781516,0.810059988346213,1.0
FIRE,A05_2.jpg,photometric,contrast_130,0.9272706047163204,0.9859197071470257,0.8590240404756534,1.0
FIRE,A05_2.jpg,photometric,gaussian_blur,0.6845109311574046,0.818140451322611,0.7071683796942174,1.0
FIRE,A05_2.jpg,affine,rotate_minus10_translate,0.8522831272514848,0.951384654506903,0.7518065506019773,0.9226226806640625
FIRE,A05_2.jpg,affine,rotate_plus10_translate,0.834931695241588,0.9374900631054307,0.7867188468051712,0.9226226806640625
FIRE,A05_2.jpg,affine,scale_095,0.8237268495394882,0.9432223487965752,0.7663417172940459,1.0
FIRE,A05_2.jpg,affine,scale_105,0.4765498431187581,0.7386833395407564,0.6251444654973151,0.908447265625
FIRE,A13_1.jpg,photometric,brightness_minus30,0.9861624135150845,0.9989462586463063,0.9419350008556271,1.0
FIRE,A13_1.jpg,photometric,brightness_plus30,0.9870051829039285,0.9987364763177362,0.9501011063263167,1.0
FIRE,A13_1.jpg,photometric,contrast_070,0.8748205515678126,0.9609549514892691,0.7403793964394269,1.0
FIRE,A13_1.jpg,photometric,contrast_130,0.9567192817319528,0.9936787579017671,0.8762033036153805,1.0
FIRE,A13_1.jpg,photometric,gaussian_blur,0.6678366305041481,0.7872539264954189,0.5878034162421337,1.0
FIRE,A13_1.jpg,affine,rotate_minus10_translate,0.8546611026343365,0.9492371084455191,0.7532787346617134,0.9226226806640625
FIRE,A13_1.jpg,affine,rotate_plus10_translate,0.8758327631531564,0.959591919509485,0.7538235656073948,0.9226226806640625
FIRE,A13_1.jpg,affine,scale_095,0.8570357639142836,0.9523339797424275,0.6987480539699014,1.0
FIRE,A13_1.jpg,affine,scale_105,0.835806948109059,0.9516276600199848,0.7299573509679893,0.908447265625
FIRE,P31_2.jpg,photometric,brightness_minus30,0.9850801807389031,0.9977936609930358,0.9586138793818331,1.0
FIRE,P31_2.jpg,photometric,brightness_plus30,0.9860180754917597,0.998092127126409,0.9609932905221881,1.0
FIRE,P31_2.jpg,photometric,contrast_070,0.8423465201726537,0.9513352472816616,0.7148954332052924,1.0
FIRE,P31_2.jpg,photometric,contrast_130,0.9825151311365165,0.9985951011250978,0.9409561381392367,1.0
FIRE,P31_2.jpg,photometric,gaussian_blur,0.6429713595337929,0.776673489136482,0.6037375360562807,1.0
FIRE,P31_2.jpg,affine,rotate_minus10_translate,0.8477079559704612,0.9432127196626545,0.7276046853511642,0.9226226806640625
FIRE,P31_2.jpg,affine,rotate_plus10_translate,0.8153783836142372,0.9252471915655456,0.7103890636307967,0.9226226806640625
FIRE,P31_2.jpg,affine,scale_095,0.828888113108745,0.9279530128033231,0.6980929150007942,1.0
FIRE,P31_2.jpg,affine,scale_105,0.8117608123878699,0.9364932258994736,0.7093401595827737,0.908447265625
FIRE,P35_2.jpg,photometric,brightness_minus30,0.9854691733026845,0.9974713466986593,0.9508550236715844,1.0
FIRE,P35_2.jpg,photometric,brightness_plus30,0.9851799576570219,0.9973760831924856,0.9549436795994993,1.0
FIRE,P35_2.jpg,photometric,contrast_070,0.8566515657551007,0.9493015646629472,0.6991466940136257,1.0
FIRE,P35_2.jpg,photometric,contrast_130,0.9553938627016767,0.9911972954099151,0.8793938957186496,1.0
FIRE,P35_2.jpg,photometric,gaussian_blur,0.644716036368428,0.7781288003159418,0.5873377520022094,1.0
FIRE,P35_2.jpg,affine,rotate_minus10_translate,0.8626662792199405,0.947932826972387,0.7364818267732625,0.9226226806640625
FIRE,P35_2.jpg,affine,rotate_plus10_translate,0.8691527589235806,0.9538380751214212,0.7642642417854855,0.9226226806640625
FIRE,P35_2.jpg,affine,scale_095,0.8623016189488795,0.9475951513100909,0.7267402727017902,1.0
FIRE,P35_2.jpg,affine,scale_105,0.850567087870306,0.9544355570027511,0.7427712825313484,0.908447265625
FIRE,P38_2.jpg,photometric,brightness_minus30,0.9713676745194938,0.9959812800397777,0.933583822007372,1.0
FIRE,P38_2.jpg,photometric,brightness_plus30,0.9702860605831053,0.9956729226739983,0.9302890077184205,1.0
FIRE,P38_2.jpg,photometric,contrast_070,0.8886874546773024,0.9747440344887445,0.8163857419176568,1.0
FIRE,P38_2.jpg,photometric,contrast_130,0.9689472355465791,0.9956500370611443,0.9254648958503209,1.0
FIRE,P38_2.jpg,photometric,gaussian_blur,0.5169210288594114,0.6681406708245614,0.5873358977978543,1.0
FIRE,P38_2.jpg,affine,rotate_minus10_translate,0.7303325184758704,0.8995819005811818,0.7224185605323846,0.9226226806640625
FIRE,P38_2.jpg,affine,rotate_plus10_translate,0.7688132870007099,0.9181853841295347,0.7409388796756137,0.9226226806640625
FIRE,P38_2.jpg,affine,scale_095,0.7635890041397274,0.9093824841062325,0.7315980410609566,1.0
FIRE,P38_2.jpg,affine,scale_105,0.29638935770769725,0.56056500240415,0.5180003159028722,0.908447265625
FIRE,P40_1.jpg,photometric,brightness_minus30,0.9851410773176988,0.997677459334783,0.9437412095639943,1.0
FIRE,P40_1.jpg,photometric,brightness_plus30,0.9848451530144768,0.9968230680559103,0.9534911440082003,1.0
FIRE,P40_1.jpg,photometric,contrast_070,0.9173556769526059,0.9769992120470086,0.8077440136298899,1.0
FIRE,P40_1.jpg,photometric,contrast_130,0.9796011625143943,0.9962468382968962,0.9298810893747602,1.0
FIRE,P40_1.jpg,photometric,gaussian_blur,0.617144122041652,0.7518475062050057,0.6077253754366861,1.0
FIRE,P40_1.jpg,affine,rotate_minus10_translate,0.8165558692286677,0.9181831927276831,0.7408115065148742,0.9226226806640625
FIRE,P40_1.jpg,affine,rotate_plus10_translate,0.8154177072130371,0.9238250658767432,0.7288495077355837,0.9226226806640625
FIRE,P40_1.jpg,affine,scale_095,0.828267063499265,0.9238026322288257,0.6957268517447168,1.0
FIRE,P40_1.jpg,affine,scale_105,0.725258493353028,0.8804877749725762,0.6560531043958278,0.908447265625
FIRE,P46_1.jpg,photometric,brightness_minus30,0.9873327475005389,0.9976267260454224,0.9506090953579418,1.0
FIRE,P46_1.jpg,photometric,brightness_plus30,0.9868963803528534,0.9967380823100653,0.9514079100265604,1.0
FIRE,P46_1.jpg,photometric,contrast_070,0.9211214579619851,0.9782275468229228,0.780976032239819,1.0
FIRE,P46_1.jpg,photometric,contrast_130,0.9819081388636925,0.997321709144098,0.9225545733731739,1.0
FIRE,P46_1.jpg,photometric,gaussian_blur,0.6234720047963228,0.7756033059978316,0.5673697916666667,1.0
FIRE,P46_1.jpg,affine,rotate_minus10_translate,0.8415472119936875,0.9261864424711022,0.7324275117243868,0.9226226806640625
FIRE,P46_1.jpg,affine,rotate_plus10_translate,0.8598029734292786,0.9431216281473024,0.7343599470134875,0.9226226806640625
FIRE,P46_1.jpg,affine,scale_095,0.8610395958937591,0.9404632093847047,0.6869000000000001,1.0
FIRE,P46_1.jpg,affine,scale_105,0.8377094517650887,0.9433025132890757,0.7132793065920398,0.908447265625
FIRE,S04_1.jpg,photometric,brightness_minus30,0.9867780862585558,0.9986286418946745,0.9433071968354226,1.0
FIRE,S04_1.jpg,photometric,brightness_plus30,0.9863096713770212,0.9985486600513787,0.9435483870967742,1.0
FIRE,S04_1.jpg,photometric,contrast_070,0.8742372459216007,0.9608218498035559,0.7425624508261212,1.0
FIRE,S04_1.jpg,photometric,contrast_130,0.9839559715626801,0.9986284136969009,0.9287717376875082,1.0
FIRE,S04_1.jpg,photometric,gaussian_blur,0.7331251534076962,0.8556781209371637,0.6702089550471318,1.0
FIRE,S04_1.jpg,affine,rotate_minus10_translate,0.8652335564118164,0.950140911207083,0.7533301210090138,0.9226226806640625
FIRE,S04_1.jpg,affine,rotate_plus10_translate,0.8661226260353265,0.952203898623213,0.7586756882283399,0.9226226806640625
FIRE,S04_1.jpg,affine,scale_095,0.867045729494314,0.9518911960280546,0.7335027057941482,1.0
FIRE,S04_1.jpg,affine,scale_105,0.8321006718682271,0.9481260411046875,0.737314998543654,0.908447265625
FIRE,S11_1.jpg,photometric,brightness_minus30,0.985788687932351,0.9983520019360452,0.9492082550702584,1.0
FIRE,S11_1.jpg,photometric,brightness_plus30,0.9864765998308146,0.9983166661261024,0.9526334216484037,1.0
FIRE,S11_1.jpg,photometric,contrast_070,0.8457382608195874,0.9548633268402247,0.7461818121009933,1.0
FIRE,S11_1.jpg,photometric,contrast_130,0.9583480331628154,0.9940837262362892,0.8710367244525548,1.0
FIRE,S11_1.jpg,photometric,gaussian_blur,0.5986242732225427,0.7388643186507293,0.5931669017972152,1.0
FIRE,S11_1.jpg,affine,rotate_minus10_translate,0.8099228774306066,0.9310328765124587,0.7249990412517417,0.9226226806640625
FIRE,S11_1.jpg,affine,rotate_plus10_translate,0.8454408929932308,0.9512963360689968,0.750415201935783,0.9226226806640625
FIRE,S11_1.jpg,affine,scale_095,0.8440717923626092,0.9467081172431597,0.7404054085896211,1.0
FIRE,S11_1.jpg,affine,scale_105,0.7966754671229307,0.9355732568371744,0.7279784830014344,0.908447265625
FIRE,S11_2.jpg,photometric,brightness_minus30,0.9860314292841108,0.9981765487125897,0.9513686662783924,1.0
FIRE,S11_2.jpg,photometric,brightness_plus30,0.9646023425871999,0.9937443884294964,0.8941595945308817,1.0
FIRE,S11_2.jpg,photometric,contrast_070,0.8729823502790768,0.9640355383746301,0.7325648878447166,1.0
FIRE,S11_2.jpg,photometric,contrast_130,0.9643157554189583,0.9934791638309508,0.9043748560902602,1.0
FIRE,S11_2.jpg,photometric,gaussian_blur,0.6714292867753835,0.8069352281815944,0.636021756682106,1.0
FIRE,S11_2.jpg,affine,rotate_minus10_translate,0.8601710126954081,0.9524251642340466,0.7601522842639594,0.9226226806640625
FIRE,S11_2.jpg,affine,rotate_plus10_translate,0.8588931067628993,0.9536149115377859,0.7476938687657586,0.9226226806640625
FIRE,S11_2.jpg,affine,scale_095,0.8765756471839841,0.9638923506834939,0.7690339753153397,1.0
FIRE,S11_2.jpg,affine,scale_105,0.8408438149945529,0.9608997342925583,0.7483194016122924,0.908447265625
FIRE,S17_1.jpg,photometric,brightness_minus30,0.9861304615230134,0.9983288557158005,0.9622622139018057,1.0
FIRE,S17_1.jpg,photometric,brightness_plus30,0.9856792915017901,0.9979001415631051,0.9546333663290947,1.0
FIRE,S17_1.jpg,photometric,contrast_070,0.8082354577291174,0.9307740002664261,0.7076834702345502,1.0
FIRE,S17_1.jpg,photometric,contrast_130,0.9792272642157168,0.9970502308854251,0.9386198450418147,1.0
FIRE,S17_1.jpg,photometric,gaussian_blur,0.5644852273873147,0.7187288522599911,0.6026892917435824,1.0
FIRE,S17_1.jpg,affine,rotate_minus10_translate,0.7991423157474818,0.9199889339345773,0.7162399986264207,0.9226226806640625
FIRE,S17_1.jpg,affine,rotate_plus10_translate,0.8319959508172436,0.9419551351374558,0.7535018139184704,0.9226226806640625
FIRE,S17_1.jpg,affine,scale_095,0.8182896541498313,0.9272277006296035,0.6956471511061234,1.0
FIRE,S17_1.jpg,affine,scale_105,0.6908921123077881,0.8755593447061045,0.6510067906321898,0.908447265625
FIRE,S18_1.jpg,photometric,brightness_minus30,0.9861304615230134,0.9983288557158005,0.9622622139018057,1.0
FIRE,S18_1.jpg,photometric,brightness_plus30,0.9856792915017901,0.9979001415631051,0.9546333663290947,1.0
FIRE,S18_1.jpg,photometric,contrast_070,0.8082354577291174,0.9307740002664261,0.7076834702345502,1.0
FIRE,S18_1.jpg,photometric,contrast_130,0.9792272642157168,0.9970502308854251,0.9386198450418147,1.0
FIRE,S18_1.jpg,photometric,gaussian_blur,0.5644852273873147,0.7187288522599911,0.6026892917435824,1.0
FIRE,S18_1.jpg,affine,rotate_minus10_translate,0.7991423157474818,0.9199889339345773,0.7162399986264207,0.9226226806640625
FIRE,S18_1.jpg,affine,rotate_plus10_translate,0.8319959508172436,0.9419551351374558,0.7535018139184704,0.9226226806640625
FIRE,S18_1.jpg,affine,scale_095,0.8182896541498313,0.9272277006296035,0.6956471511061234,1.0
FIRE,S18_1.jpg,affine,scale_105,0.6908921123077881,0.8755593447061045,0.6510067906321898,0.908447265625
FIRE,S21_1.jpg,photometric,brightness_minus30,0.9861304615230134,0.9983288557158005,0.9622622139018057,1.0
FIRE,S21_1.jpg,photometric,brightness_plus30,0.9856792915017901,0.9979001415631051,0.9546333663290947,1.0
FIRE,S21_1.jpg,photometric,contrast_070,0.8082354577291174,0.9307740002664261,0.7076834702345502,1.0
FIRE,S21_1.jpg,photometric,contrast_130,0.9792272642157168,0.9970502308854251,0.9386198450418147,1.0
FIRE,S21_1.jpg,photometric,gaussian_blur,0.5644852273873147,0.7187288522599911,0.6026892917435824,1.0
FIRE,S21_1.jpg,affine,rotate_minus10_translate,0.7991423157474818,0.9199889339345773,0.7162399986264207,0.9226226806640625
FIRE,S21_1.jpg,affine,rotate_plus10_translate,0.8319959508172436,0.9419551351374558,0.7535018139184704,0.9226226806640625
FIRE,S21_1.jpg,affine,scale_095,0.8182896541498313,0.9272277006296035,0.6956471511061234,1.0
FIRE,S21_1.jpg,affine,scale_105,0.6908921123077881,0.8755593447061045,0.6510067906321898,0.908447265625
FIRE,S25_2.jpg,photometric,brightness_minus30,0.9864691318796256,0.9982671199337272,0.9501419100441979,1.0
FIRE,S25_2.jpg,photometric,brightness_plus30,0.9870140195584767,0.9984220625059664,0.9544209956709957,1.0
FIRE,S25_2.jpg,photometric,contrast_070,0.8619394036293868,0.9560577743114328,0.7385751649144506,1.0
FIRE,S25_2.jpg,photometric,contrast_130,0.9624598793169855,0.995408374777663,0.8820143028647127,1.0
FIRE,S25_2.jpg,photometric,gaussian_blur,0.6448596891411597,0.7748485496963661,0.5890151515151515,1.0
FIRE,S25_2.jpg,affine,rotate_minus10_translate,0.8623451350370639,0.9534438732301536,0.774555102915952,0.9226226806640625
FIRE,S25_2.jpg,affine,rotate_plus10_translate,0.8623134860446726,0.9566748388451214,0.7637310606060606,0.9226226806640625
FIRE,S25_2.jpg,affine,scale_095,0.8620379299260688,0.9542467903699943,0.741976293837249,1.0
FIRE,S25_2.jpg,affine,scale_105,0.8217023734509556,0.9500445177875828,0.7373180849091583,0.908447265625
FIRE,S27_2.jpg,photometric,brightness_minus30,0.9839981674793024,0.9973571255697665,0.9482588577900016,1.0
FIRE,S27_2.jpg,photometric,brightness_plus30,0.9638224386827738,0.9940783688494133,0.8944828982138244,1.0
FIRE,S27_2.jpg,photometric,contrast_070,0.8495221747239506,0.9468849506524354,0.7563819319384364,1.0
FIRE,S27_2.jpg,photometric,contrast_130,0.9559078993082972,0.9910234258810464,0.8836129416975763,1.0
FIRE,S27_2.jpg,photometric,gaussian_blur,0.6267109765727823,0.7722658222191913,0.6083356718347548,1.0
FIRE,S27_2.jpg,affine,rotate_minus10_translate,0.8150547786875906,0.9275571655129059,0.7436644577156778,0.9226226806640625
FIRE,S27_2.jpg,affine,rotate_plus10_translate,0.8357036413113904,0.9392742812966176,0.7386322288386367,0.9226226806640625
FIRE,S27_2.jpg,affine,scale_095,0.8514334246750958,0.9480466731107998,0.7421264461310324,1.0
FIRE,S27_2.jpg,affine,scale_105,0.8039237959236661,0.9356666149502796,0.7459996188238036,0.908447265625
FIRE,S34_2.jpg,photometric,brightness_minus30,0.9864691318796256,0.9982671199337272,0.9501419100441979,1.0
FIRE,S34_2.jpg,photometric,brightness_plus30,0.9870140195584767,0.9984220625059664,0.9544209956709957,1.0
FIRE,S34_2.jpg,photometric,contrast_070,0.8619394036293868,0.9560577743114328,0.7385751649144506,1.0
FIRE,S34_2.jpg,photometric,contrast_130,0.9624598793169855,0.995408374777663,0.8820143028647127,1.0
FIRE,S34_2.jpg,photometric,gaussian_blur,0.6448596891411597,0.7748485496963661,0.5890151515151515,1.0
FIRE,S34_2.jpg,affine,rotate_minus10_translate,0.8623451350370639,0.9534438732301536,0.774555102915952,0.9226226806640625
FIRE,S34_2.jpg,affine,rotate_plus10_translate,0.8623134860446726,0.9566748388451214,0.7637310606060606,0.9226226806640625
FIRE,S34_2.jpg,affine,scale_095,0.8620379299260688,0.9542467903699943,0.741976293837249,1.0
FIRE,S34_2.jpg,affine,scale_105,0.8217023734509556,0.9500445177875828,0.7373180849091583,0.908447265625
FIRE,S35_1.jpg,photometric,brightness_minus30,0.9844633919692203,0.9980441221779126,0.9504041205072133,1.0
FIRE,S35_1.jpg,photometric,brightness_plus30,0.9849231472114349,0.9981912508717097,0.9590469163722781,1.0
FIRE,S35_1.jpg,photometric,contrast_070,0.869011631727673,0.9625534236880549,0.7490098699179337,1.0
FIRE,S35_1.jpg,photometric,contrast_130,0.9599077831641112,0.9930214654752806,0.8941549657134861,1.0
FIRE,S35_1.jpg,photometric,gaussian_blur,0.6212237939908535,0.7735217476640626,0.6145993686927587,1.0
FIRE,S35_1.jpg,affine,rotate_minus10_translate,0.8218936252915263,0.9382566162385471,0.7381359449034873,0.9226226806640625
FIRE,S35_1.jpg,affine,rotate_plus10_translate,0.8367202344529967,0.9409290679693444,0.7534396198214081,0.9226226806640625
FIRE,S35_1.jpg,affine,scale_095,0.8399531585870577,0.9441627381000107,0.725687647715574,1.0
FIRE,S35_1.jpg,affine,scale_105,0.8082022818378045,0.9446442905504785,0.7297642298532308,0.908447265625
FIRE,S41_1.jpg,photometric,brightness_minus30,0.9864691318796256,0.9982671199337272,0.9501419100441979,1.0
FIRE,S41_1.jpg,photometric,brightness_plus30,0.9870140195584767,0.9984220625059664,0.9544209956709957,1.0
FIRE,S41_1.jpg,photometric,contrast_070,0.8619394036293868,0.9560577743114328,0.7385751649144506,1.0
FIRE,S41_1.jpg,photometric,contrast_130,0.9624598793169855,0.995408374777663,0.8820143028647127,1.0
FIRE,S41_1.jpg,photometric,gaussian_blur,0.6448596891411597,0.7748485496963661,0.5890151515151515,1.0
FIRE,S41_1.jpg,affine,rotate_minus10_translate,0.8623451350370639,0.9534438732301536,0.774555102915952,0.9226226806640625
FIRE,S41_1.jpg,affine,rotate_plus10_translate,0.8623134860446726,0.9566748388451214,0.7637310606060606,0.9226226806640625
FIRE,S41_1.jpg,affine,scale_095,0.8620379299260688,0.9542467903699943,0.741976293837249,1.0
FIRE,S41_1.jpg,affine,scale_105,0.8217023734509556,0.9500445177875828,0.7373180849091583,0.908447265625
FIRE,S47_1.jpg,photometric,brightness_minus30,0.9852384425688583,0.9981859763244455,0.9556245686680469,1.0
FIRE,S47_1.jpg,photometric,brightness_plus30,0.9873164451249217,0.9986629648047101,0.9626162299239223,1.0
FIRE,S47_1.jpg,photometric,contrast_070,0.8989778773452815,0.9808226490609668,0.7934993531694696,1.0
FIRE,S47_1.jpg,photometric,contrast_130,0.9769008662175168,0.9968412020822742,0.9432777302537781,1.0
FIRE,S47_1.jpg,photometric,gaussian_blur,0.6417544164998694,0.7998402319933013,0.6302803379416282,1.0
FIRE,S47_1.jpg,affine,rotate_minus10_translate,0.8552358401537379,0.9546943592805479,0.7629901960784313,0.9226226806640625
FIRE,S47_1.jpg,affine,rotate_plus10_translate,0.8560534819703524,0.9565530825636489,0.764086814086814,0.9226226806640625
FIRE,S47_1.jpg,affine,scale_095,0.8557783982566058,0.95594954803469,0.7636330049261084,1.0
FIRE,S47_1.jpg,affine,scale_105,0.8364873158756138,0.9582547079435237,0.7656672642636976,0.908447265625
FIRE,S54_1.jpg,photometric,brightness_minus30,0.9867140951534015,0.998505850472166,0.9472291040460364,1.0
FIRE,S54_1.jpg,photometric,brightness_plus30,0.9697148898804724,0.9945006898866893,0.9088457813031755,1.0
FIRE,S54_1.jpg,photometric,contrast_070,0.879124030035304,0.9649987533311806,0.7624169752542174,1.0
FIRE,S54_1.jpg,photometric,contrast_130,0.9827747977410731,0.9967618312722415,0.9402999935928407,1.0
FIRE,S54_1.jpg,photometric,gaussian_blur,0.6810772248974496,0.7967077773003179,0.6474192728948333,1.0
FIRE,S54_1.jpg,affine,rotate_minus10_translate,0.8609329548242386,0.9434392599319319,0.755729163757162,0.9226226806640625
FIRE,S54_1.jpg,affine,rotate_plus10_translate,0.8555814117481136,0.9400080065589778,0.7311933642019146,0.9226226806640625
FIRE,S54_1.jpg,affine,scale_095,0.8555211558307534,0.9396760163785869,0.7263322276357602,1.0
FIRE,S54_1.jpg,affine,scale_105,0.721345785187921,0.8821494617392669,0.7014271572150059,0.908447265625
FIRE,S56_2.jpg,photometric,brightness_minus30,0.9850170761264735,0.9980868705813728,0.9530574941841143,1.0
FIRE,S56_2.jpg,photometric,brightness_plus30,0.9669654253843165,0.9945362601143634,0.907205078394745,1.0
FIRE,S56_2.jpg,photometric,contrast_070,0.8763929557723532,0.9627846165239784,0.7624779196593303,1.0
FIRE,S56_2.jpg,photometric,contrast_130,0.9723946309838127,0.9964667349283488,0.9207956352939164,1.0
FIRE,S56_2.jpg,photometric,gaussian_blur,0.6509944751381216,0.771984643459425,0.623918454426929,1.0
FIRE,S56_2.jpg,affine,rotate_minus10_translate,0.860604008667389,0.9519141893845142,0.7571172519402777,0.9226226806640625
FIRE,S56_2.jpg,affine,rotate_plus10_translate,0.8295889362632557,0.9344943276245304,0.7328326202826121,0.9226226806640625
FIRE,S56_2.jpg,affine,scale_095,0.8445291795121423,0.9400785895837775,0.7190921139021959,1.0
FIRE,S56_2.jpg,affine,scale_105,0.8518984601228654,0.959928084585868,0.7406511319433384,0.908447265625
FIRE,S61_1.jpg,photometric,brightness_minus30,0.9860822770979021,0.9984067595808981,0.9505656219392752,1.0
FIRE,S61_1.jpg,photometric,brightness_plus30,0.988193398164635,0.9984441929749865,0.9584411764705882,1.0
FIRE,S61_1.jpg,photometric,contrast_070,0.8196712275915286,0.9317449543288789,0.6551965174129353,1.0
FIRE,S61_1.jpg,photometric,contrast_130,0.9791124131944444,0.9973680784501392,0.935110127826942,1.0
FIRE,S61_1.jpg,photometric,gaussian_blur,0.678833012807398,0.7885096013369942,0.5850247349823322,1.0
FIRE,S61_1.jpg,affine,rotate_minus10_translate,0.8446574379494944,0.9454102453788891,0.7461214574898785,0.9226226806640625
FIRE,S61_1.jpg,affine,rotate_plus10_translate,0.8084492473528051,0.9207807846083291,0.6884196428571429,0.9226226806640625
FIRE,S61_1.jpg,affine,scale_095,0.8447083422689255,0.9423522526830814,0.7177586206896551,1.0
FIRE,S61_1.jpg,affine,scale_105,0.8327563679467666,0.9513182942737044,0.7313720136518771,0.908447265625
FIRE,S67_2.jpg,photometric,brightness_minus30,0.9869311866347805,0.9985208439516516,0.9275141533710757,1.0
FIRE,S67_2.jpg,photometric,brightness_plus30,0.9749753995453158,0.9968702979084623,0.9005510558123537,1.0
FIRE,S67_2.jpg,photometric,contrast_070,0.8588951850972142,0.9576630336791745,0.7313788201847904,1.0
FIRE,S67_2.jpg,photometric,contrast_130,0.9789646177513209,0.9964027059074292,0.9161533526736798,1.0
FIRE,S67_2.jpg,photometric,gaussian_blur,0.7335560730316223,0.8588512345087087,0.6765450231920697,1.0
FIRE,S67_2.jpg,affine,rotate_minus10_translate,0.8856717053438365,0.959106779692938,0.7663443346647046,0.9226226806640625
FIRE,S67_2.jpg,affine,rotate_plus10_translate,0.8861299550469963,0.9581481289730149,0.7735027394672209,0.9226226806640625
FIRE,S67_2.jpg,affine,scale_095,0.8638156150583245,0.9534939595336389,0.7105524201565734,1.0
FIRE,S67_2.jpg,affine,scale_105,0.8784670933858526,0.9670324013995243,0.7537059023066486,0.908447265625
FIRE,S70_1.jpg,photometric,brightness_minus30,0.9880480252078013,0.9985668449724785,0.953835403048523,1.0
FIRE,S70_1.jpg,photometric,brightness_plus30,0.9882452178172022,0.9983978972831012,0.9577418780067708,1.0
FIRE,S70_1.jpg,photometric,contrast_070,0.8952115447687766,0.9709064009767612,0.7563021450190814,1.0
FIRE,S70_1.jpg,photometric,contrast_130,0.9762064433058827,0.9960587291386365,0.9145958690118028,1.0
FIRE,S70_1.jpg,photometric,gaussian_blur,0.7037238379994564,0.8359979236273563,0.6461572225526011,1.0
FIRE,S70_1.jpg,affine,rotate_minus10_translate,0.8526056451180976,0.9389491729068673,0.7384954067304488,0.9226226806640625
FIRE,S70_1.jpg,affine,rotate_plus10_translate,0.855080630014221,0.9479552345884917,0.7399175791828565,0.9226226806640625
FIRE,S70_1.jpg,affine,scale_095,0.8667146589878952,0.9553941275628486,0.7034583497828661,1.0
FIRE,S70_1.jpg,affine,scale_105,0.7371815286624204,0.89519725686785,0.6447597922117316,0.908447265625
FIMD,02_t.jpg,photometric,brightness_minus30,0.9860614242321971,0.997903494060063,0.9566037735849057,1.0
FIMD,02_t.jpg,photometric,brightness_plus30,0.9850313043184772,0.9983048211074916,0.9515136374090906,1.0
FIMD,02_t.jpg,photometric,contrast_070,0.8897645802613515,0.9640106468874957,0.7450883284436429,1.0
FIMD,02_t.jpg,photometric,contrast_130,0.9583640081799591,0.9925456779612569,0.8778896046829745,1.0
FIMD,02_t.jpg,photometric,gaussian_blur,0.6214556006176715,0.7655771639298636,0.5712986767760396,1.0
FIMD,02_t.jpg,affine,rotate_minus10_translate,0.8381633296285852,0.9347049764283569,0.7439010261502814,0.9226226806640625
FIMD,02_t.jpg,affine,rotate_plus10_translate,0.8600467173599722,0.9492266918363317,0.7575136645110244,0.9226226806640625
FIMD,02_t.jpg,affine,scale_095,0.8522535351193827,0.9420984948853486,0.7008369981557667,1.0
FIMD,02_t.jpg,affine,scale_105,0.8678510545843501,0.9703300897987153,0.7499789209233496,0.908447265625
FIMD,07_r.jpg,photometric,brightness_minus30,0.9862205253676767,0.9974001687316985,0.9547322353931856,1.0
FIMD,07_r.jpg,photometric,brightness_plus30,0.9852666388847814,0.9973183171881516,0.9481939856198989,1.0
FIMD,07_r.jpg,photometric,contrast_070,0.8780747653468551,0.9529468048191023,0.7858386343960553,1.0
FIMD,07_r.jpg,photometric,contrast_130,0.9661721068249258,0.9914709170183981,0.9083865395025953,1.0
FIMD,07_r.jpg,photometric,gaussian_blur,0.49928370634663205,0.669627822696689,0.5735485655152726,1.0
FIMD,07_r.jpg,affine,rotate_minus10_translate,0.8313476269394893,0.9279745915389834,0.7481854838709677,0.9226226806640625
FIMD,07_r.jpg,affine,rotate_plus10_translate,0.8200418140458376,0.9190902785748224,0.7145502896231832,0.9226226806640625
FIMD,07_r.jpg,affine,scale_095,0.8264061262212833,0.9282376800183513,0.7175539185905224,1.0
FIMD,07_r.jpg,affine,scale_105,0.8002232292941382,0.9259284566941178,0.7299507168458781,0.908447265625
FIMD,08_r.jpg,photometric,brightness_minus30,0.9803074378279717,0.9963758229508006,0.9420713677193099,1.0
FIMD,08_r.jpg,photometric,brightness_plus30,0.9837326445868234,0.9976981006324814,0.9432811754936942,1.0
FIMD,08_r.jpg,photometric,contrast_070,0.8763960006275763,0.9629880256417185,0.7918743538620587,1.0
FIMD,08_r.jpg,photometric,contrast_130,0.9693011471602505,0.9935730802067073,0.9125517469779765,1.0
FIMD,08_r.jpg,photometric,gaussian_blur,0.5223917110375593,0.7057366449462474,0.6254792437863564,1.0
FIMD,08_r.jpg,affine,rotate_minus10_translate,0.8180416452513578,0.9328649622394131,0.7494101830167403,0.9226226806640625
FIMD,08_r.jpg,affine,rotate_plus10_translate,0.833759237516403,0.9421132779657244,0.7631502718592882,0.9226226806640625
FIMD,08_r.jpg,affine,scale_095,0.8389525595610197,0.9433788715736077,0.7594332538852071,1.0
FIMD,08_r.jpg,affine,scale_105,0.8425494679199481,0.9618159292820075,0.7682028252528775,0.908447265625
FIMD,12_t.jpg,photometric,brightness_minus30,0.9873177982355198,0.9986005449289798,0.9514065081905356,1.0
FIMD,12_t.jpg,photometric,brightness_plus30,0.986623196049288,0.9976041747645217,0.956088108003359,1.0
FIMD,12_t.jpg,photometric,contrast_070,0.8751536477790364,0.9596902962278685,0.7849988297763411,1.0
FIMD,12_t.jpg,photometric,contrast_130,0.9461445148886498,0.9888741068196196,0.8721248150099079,1.0
FIMD,12_t.jpg,photometric,gaussian_blur,0.6374765500986098,0.7802079513401026,0.6418372939063921,1.0
FIMD,12_t.jpg,affine,rotate_minus10_translate,0.8478678088283481,0.9446309717617495,0.758108209797577,0.9226226806640625
FIMD,12_t.jpg,affine,rotate_plus10_translate,0.8524574845823211,0.94323118701653,0.7744169563711467,0.9226226806640625
FIMD,12_t.jpg,affine,scale_095,0.8686696680585038,0.9584913548701494,0.7280024234157101,1.0
FIMD,12_t.jpg,affine,scale_105,0.8490403895731882,0.96487869931849,0.7542786302532072,0.908447265625
FIMD,18_t.jpg,photometric,brightness_minus30,0.986445495040035,0.9989324262954007,0.9582154088050314,1.0
FIMD,18_t.jpg,photometric,brightness_plus30,0.9847656356266492,0.9977307596182353,0.9432718579234973,1.0
FIMD,18_t.jpg,photometric,contrast_070,0.9088089159735375,0.9737977504570693,0.7585755267118134,1.0
FIMD,18_t.jpg,photometric,contrast_130,0.9364027738392926,0.9865824455061559,0.8527842317224288,1.0
FIMD,18_t.jpg,photometric,gaussian_blur,0.6606401573082805,0.7877802658313884,0.6050595238095238,1.0
FIMD,18_t.jpg,affine,rotate_minus10_translate,0.873282967032967,0.949488440702167,0.7287415377176016,0.9226226806640625
FIMD,18_t.jpg,affine,rotate_plus10_translate,0.8755183454936749,0.9629766717637067,0.7430696050096339,0.9226226806640625
FIMD,18_t.jpg,affine,scale_095,0.8757078747729459,0.9639589334397289,0.7186234423676012,1.0
FIMD,18_t.jpg,affine,scale_105,0.8904888316842303,0.9823132780652986,0.7587209302325582,0.908447265625
FIMD,19_t.jpg,photometric,brightness_minus30,0.9873335772792524,0.9989103445577715,0.9522862566340827,1.0
FIMD,19_t.jpg,photometric,brightness_plus30,0.9834229390681004,0.9979052248312366,0.932301181342102,1.0
FIMD,19_t.jpg,photometric,contrast_070,0.8864347973258865,0.9640600478234946,0.7744359629264139,1.0
FIMD,19_t.jpg,photometric,contrast_130,0.9714317382027765,0.995242872773418,0.9246738506822321,1.0
FIMD,19_t.jpg,photometric,gaussian_blur,0.669116197877073,0.817650867504078,0.6502898550724638,1.0
FIMD,19_t.jpg,affine,rotate_minus10_translate,0.8630642540416976,0.9597345754017232,0.7467788297252206,0.9226226806640625
FIMD,19_t.jpg,affine,rotate_plus10_translate,0.8555604299188418,0.9511258934573005,0.7433459050606388,0.9226226806640625
FIMD,19_t.jpg,affine,scale_095,0.86519131220728,0.9565284946031901,0.7305483203098911,1.0
FIMD,19_t.jpg,affine,scale_105,0.856360690541371,0.9680473173526352,0.7508818769107333,0.908447265625
FIMD,20_r.jpg,photometric,brightness_minus30,0.9861167558077154,0.9979411954182571,0.9516095740008783,1.0
FIMD,20_r.jpg,photometric,brightness_plus30,0.9842169359421937,0.9972329095243992,0.9425970710734919,1.0
FIMD,20_r.jpg,photometric,contrast_070,0.8498650306748466,0.9544657229533954,0.7519264551873248,1.0
FIMD,20_r.jpg,photometric,contrast_130,0.9667793597130295,0.9951164384656197,0.8967134340631102,1.0
FIMD,20_r.jpg,photometric,gaussian_blur,0.6012933491879917,0.7398238115820163,0.585157715260017,1.0
FIMD,20_r.jpg,affine,rotate_minus10_translate,0.8406192500475859,0.9393995240585309,0.7407788223005615,0.9226226806640625
FIMD,20_r.jpg,affine,rotate_plus10_translate,0.8286500231899819,0.9402224409920723,0.7187055981813015,0.9226226806640625
FIMD,20_r.jpg,affine,scale_095,0.8560115304813343,0.9541684411775775,0.7317850637522769,1.0
FIMD,20_r.jpg,affine,scale_105,0.8548949919224555,0.9678391223716974,0.7583981497024975,0.908447265625
FIMD,22_t.jpg,photometric,brightness_minus30,0.9882898333244011,0.9993188526451223,0.9459783015338571,1.0
FIMD,22_t.jpg,photometric,brightness_plus30,0.9863090472377902,0.9987176083086744,0.9519377037305324,1.0
FIMD,22_t.jpg,photometric,contrast_070,0.897476595286775,0.9743783856172997,0.7566543816543816,1.0
FIMD,22_t.jpg,photometric,contrast_130,0.969076210658504,0.9940070830208301,0.9166464646464647,1.0
FIMD,22_t.jpg,photometric,gaussian_blur,0.7001064112795956,0.810181101551738,0.6080808080808081,1.0
FIMD,22_t.jpg,affine,rotate_minus10_translate,0.875077495350279,0.949612024593166,0.7371916842847075,0.9226226806640625
FIMD,22_t.jpg,affine,rotate_plus10_translate,0.8540332239754205,0.9485612478589991,0.7123884245835466,0.9226226806640625
FIMD,22_t.jpg,affine,scale_095,0.8707843085873012,0.9595122899354546,0.7196981097658298,1.0
FIMD,22_t.jpg,affine,scale_105,0.882606967810306,0.9764399249509811,0.7268931486050484,0.908447265625
FIMD,26_r.jpg,photometric,brightness_minus30,0.9842650574974382,0.996806855225634,0.9412682680587532,1.0
FIMD,26_r.jpg,photometric,brightness_plus30,0.9744745088172732,0.9973490994930149,0.9247517780892889,1.0
FIMD,26_r.jpg,photometric,contrast_070,0.8185542003249502,0.9275014998875861,0.7258373021969581,1.0
FIMD,26_r.jpg,photometric,contrast_130,0.9580655846306724,0.9919580026503844,0.8903618758511462,1.0
FIMD,26_r.jpg,photometric,gaussian_blur,0.6345432076162578,0.7882577233925898,0.6158331476352678,1.0
FIMD,26_r.jpg,affine,rotate_minus10_translate,0.8341113667329298,0.935678249815531,0.7427523148745196,0.9226226806640625
FIMD,26_r.jpg,affine,rotate_plus10_translate,0.8348774689506543,0.935289641317291,0.7464602750520186,0.9226226806640625
FIMD,26_r.jpg,affine,scale_095,0.850322811250363,0.9422617292550416,0.7430060426119138,1.0
FIMD,26_r.jpg,affine,scale_105,0.8576228094070644,0.9661342270533825,0.7467372026589767,0.908447265625
FIMD,27_r.jpg,photometric,brightness_minus30,0.9817844072307863,0.997621838192234,0.9363514783488758,1.0
FIMD,27_r.jpg,photometric,brightness_plus30,0.9802505751586884,0.9964783266576719,0.9439396292844568,1.0
FIMD,27_r.jpg,photometric,contrast_070,0.8525024397044473,0.9496844918222952,0.7512513904338154,1.0
FIMD,27_r.jpg,photometric,contrast_130,0.9567783137075261,0.992492351820801,0.8869596414984499,1.0
FIMD,27_r.jpg,photometric,gaussian_blur,0.5175035707284286,0.6735422647679025,0.5505762638249027,1.0
FIMD,27_r.jpg,affine,rotate_minus10_translate,0.7819449783098128,0.9148627749701256,0.7250249263266233,0.9226226806640625
FIMD,27_r.jpg,affine,rotate_plus10_translate,0.7772728520827041,0.9123189413434672,0.7109858943898628,0.9226226806640625
FIMD,27_r.jpg,affine,scale_095,0.8103391908459338,0.9252626074967331,0.721183231913455,1.0
FIMD,27_r.jpg,affine,scale_105,0.8228399057864216,0.9549383288305477,0.757425935497633,0.908447265625
FIMD,35_r.jpg,photometric,brightness_minus30,0.9868592057761733,0.9986101304784304,0.9542436310667576,1.0
FIMD,35_r.jpg,photometric,brightness_plus30,0.9721059972105998,0.995678043241781,0.9045328774525331,1.0
FIMD,35_r.jpg,photometric,contrast_070,0.8368356174316584,0.937490726205274,0.7210502071551054,1.0
FIMD,35_r.jpg,photometric,contrast_130,0.961962172947756,0.9931061184886507,0.908117116500368,1.0
FIMD,35_r.jpg,photometric,gaussian_blur,0.5360040641555991,0.7062351252295613,0.5645736742973051,1.0
FIMD,35_r.jpg,affine,rotate_minus10_translate,0.8081865506667617,0.917058710196031,0.7461575796796636,0.9226226806640625
FIMD,35_r.jpg,affine,rotate_plus10_translate,0.8069265422712351,0.92081803278223,0.717248876294704,0.9226226806640625
FIMD,35_r.jpg,affine,scale_095,0.8189453374381092,0.9269757517505317,0.7223950901115164,1.0
FIMD,35_r.jpg,affine,scale_105,0.8065261334103379,0.9397950929157393,0.7331025309532098,0.908447265625
FIMD,38_r.jpg,photometric,brightness_minus30,0.9729940627650552,0.9959527682707379,0.9104757048153275,1.0
FIMD,38_r.jpg,photometric,brightness_plus30,0.9836156483161927,0.9983660567065313,0.9381936151580288,1.0
FIMD,38_r.jpg,photometric,contrast_070,0.8715983970758371,0.9629357914721025,0.7828800130686924,1.0
FIMD,38_r.jpg,photometric,contrast_130,0.9691797216765439,0.9950630020965058,0.9116899097621001,1.0
FIMD,38_r.jpg,photometric,gaussian_blur,0.5296029797680522,0.7081936591178045,0.5733834632713629,1.0
FIMD,38_r.jpg,affine,rotate_minus10_translate,0.8147916323505189,0.9288657905282377,0.746375755809718,0.9226226806640625
FIMD,38_r.jpg,affine,rotate_plus10_translate,0.8078962192252891,0.927659292817724,0.7357702391867329,0.9226226806640625
FIMD,38_r.jpg,affine,scale_095,0.8055010802725611,0.9268586131589237,0.6937422864646584,1.0
FIMD,38_r.jpg,affine,scale_105,0.8116726936338408,0.949161343700864,0.7357934809792425,0.908447265625
FIMD,41_t.jpg,photometric,brightness_minus30,0.9886860526676994,0.998687746581352,0.9540957061328019,1.0
FIMD,41_t.jpg,photometric,brightness_plus30,0.9834077482501121,0.998119917018366,0.9533131471211966,1.0
FIMD,41_t.jpg,photometric,contrast_070,0.8894392358039979,0.9716783678652294,0.7671522556390977,1.0
FIMD,41_t.jpg,photometric,contrast_130,0.9748674689471036,0.9967041594984721,0.9199568689164772,1.0
FIMD,41_t.jpg,photometric,gaussian_blur,0.705859283081026,0.8404607820530496,0.6372103379176872,1.0
FIMD,41_t.jpg,affine,rotate_minus10_translate,0.8387340301974449,0.9440172863591864,0.7411545691150954,0.9226226806640625
FIMD,41_t.jpg,affine,rotate_plus10_translate,0.8282902781282145,0.9395318580730336,0.7216261411353755,0.9226226806640625
FIMD,41_t.jpg,affine,scale_095,0.8733756306375172,0.9633049766244902,0.733132920173897,1.0
FIMD,41_t.jpg,affine,scale_105,0.8717813670411985,0.9761827645756256,0.7618285714285715,0.908447265625
FIMD,42_r.jpg,photometric,brightness_minus30,0.9852524404324551,0.9978364666623496,0.9541438579341806,1.0
FIMD,42_r.jpg,photometric,brightness_plus30,0.9815967994433814,0.9972524448410782,0.9361290322580644,1.0
FIMD,42_r.jpg,photometric,contrast_070,0.8678026779916818,0.9543369558259158,0.7485608315845982,1.0
FIMD,42_r.jpg,photometric,contrast_130,0.9569827017704053,0.9913670467286559,0.8876593233674273,1.0
FIMD,42_r.jpg,photometric,gaussian_blur,0.5710848874372212,0.7351343306310383,0.5503385105535643,1.0
FIMD,42_r.jpg,affine,rotate_minus10_translate,0.8157236717308455,0.929771238458003,0.7038487208008899,0.9226226806640625
FIMD,42_r.jpg,affine,rotate_plus10_translate,0.8348685456517622,0.9415003639620898,0.742713247481831,0.9226226806640625
FIMD,42_r.jpg,affine,scale_095,0.8536013855401229,0.9493079727744724,0.7204609658331742,1.0
FIMD,42_r.jpg,affine,scale_105,0.8287939101892591,0.9556328726730169,0.722424212980956,0.908447265625
FIMD,43_r.jpg,photometric,brightness_minus30,0.9859339059061046,0.9978461996760739,0.9562933151275932,1.0
FIMD,43_r.jpg,photometric,brightness_plus30,0.9654966609671903,0.9938468879527662,0.9138044748006013,1.0
FIMD,43_r.jpg,photometric,contrast_070,0.8704161345429817,0.9609406415870504,0.7350279114922535,1.0
FIMD,43_r.jpg,photometric,contrast_130,0.9616425120772947,0.9927595185906278,0.9023176505276744,1.0
FIMD,43_r.jpg,photometric,gaussian_blur,0.6046754885520265,0.7557841904710955,0.6010682284470126,1.0
FIMD,43_r.jpg,affine,rotate_minus10_translate,0.8433988536640653,0.9457224676944043,0.7360688672482307,0.9226226806640625
FIMD,43_r.jpg,affine,rotate_plus10_translate,0.8428718575980945,0.9460130602728039,0.7291169451073986,0.9226226806640625
FIMD,43_r.jpg,affine,scale_095,0.8510928961748634,0.9506981644939144,0.7449026963365466,1.0
FIMD,43_r.jpg,affine,scale_105,0.8358371040723982,0.9565197922122142,0.7525118404293469,0.908447265625
FIMD,43_t.jpg,photometric,brightness_minus30,0.9601718532280539,0.9946481866740807,0.9104955328359583,1.0
FIMD,43_t.jpg,photometric,brightness_plus30,0.9801617579734473,0.9974717647027956,0.9330241307732227,1.0
FIMD,43_t.jpg,photometric,contrast_070,0.8739887510594037,0.9711634045990306,0.7857042210994585,1.0
FIMD,43_t.jpg,photometric,contrast_130,0.9747557939092127,0.9959952040373979,0.935412701568995,1.0
FIMD,43_t.jpg,photometric,gaussian_blur,0.7852147472443938,0.8948861625276989,0.6910983869136955,1.0
FIMD,43_t.jpg,affine,rotate_minus10_translate,0.8665107125617318,0.9541523643694713,0.7587954789509128,0.9226226806640625
FIMD,43_t.jpg,affine,rotate_plus10_translate,0.8054867593827396,0.9249893936537518,0.7212785504158563,0.9226226806640625
FIMD,43_t.jpg,affine,scale_095,0.8780443606842563,0.9666659708273923,0.75844388262364,1.0
FIMD,43_t.jpg,affine,scale_105,0.8353607222094713,0.959336461216578,0.740418118466899,0.908447265625
FIMD,45_t.jpg,photometric,brightness_minus30,0.9855055402681108,0.9971350737893612,0.9517460122936809,1.0
FIMD,45_t.jpg,photometric,brightness_plus30,0.9829930973711265,0.996599761283838,0.942525103058098,1.0
FIMD,45_t.jpg,photometric,contrast_070,0.9012971698113208,0.9708836218015365,0.7769746121297603,1.0
FIMD,45_t.jpg,photometric,contrast_130,0.9647775956755513,0.9925430344035833,0.8985264557332417,1.0
FIMD,45_t.jpg,photometric,gaussian_blur,0.7908999911678982,0.8935739277670788,0.6897669589293955,1.0
FIMD,45_t.jpg,affine,rotate_minus10_translate,0.874860909013096,0.9511794582201129,0.7754042851667187,0.9226226806640625
FIMD,45_t.jpg,affine,rotate_plus10_translate,0.8832671909950213,0.9536733351822008,0.7697702813981884,0.9226226806640625
FIMD,45_t.jpg,affine,scale_095,0.8763807319129479,0.9606174352394348,0.749077809903211,1.0
FIMD,45_t.jpg,affine,scale_105,0.8838673967028693,0.9704067810925431,0.7573572411420708,0.908447265625
FIMD,49_t.jpg,photometric,brightness_minus30,0.9601718532280539,0.9946481866740807,0.9104955328359583,1.0
FIMD,49_t.jpg,photometric,brightness_plus30,0.9801617579734473,0.9974717647027956,0.9330241307732227,1.0
FIMD,49_t.jpg,photometric,contrast_070,0.8739887510594037,0.9711634045990306,0.7857042210994585,1.0
FIMD,49_t.jpg,photometric,contrast_130,0.9747557939092127,0.9959952040373979,0.935412701568995,1.0
FIMD,49_t.jpg,photometric,gaussian_blur,0.7852147472443938,0.8948861625276989,0.6910983869136955,1.0
FIMD,49_t.jpg,affine,rotate_minus10_translate,0.8665107125617318,0.9541523643694713,0.7587954789509128,0.9226226806640625
FIMD,49_t.jpg,affine,rotate_plus10_translate,0.8054867593827396,0.9249893936537518,0.7212785504158563,0.9226226806640625
FIMD,49_t.jpg,affine,scale_095,0.8780443606842563,0.9666659708273923,0.75844388262364,1.0
FIMD,49_t.jpg,affine,scale_105,0.8353607222094713,0.959336461216578,0.740418118466899,0.908447265625
FIMD,50_t.jpg,photometric,brightness_minus30,0.9844243254511883,0.9988738731444253,0.9459285978853795,1.0
FIMD,50_t.jpg,photometric,brightness_plus30,0.9777784335713864,0.996804294108839,0.9416456147169323,1.0
FIMD,50_t.jpg,photometric,contrast_070,0.9087811814896012,0.973220509913509,0.8293600536392758,1.0
FIMD,50_t.jpg,photometric,contrast_130,0.972000823505191,0.9960175422227324,0.9200514686598479,1.0
FIMD,50_t.jpg,photometric,gaussian_blur,0.6658535859832823,0.809922496377234,0.6212933710231682,1.0
FIMD,50_t.jpg,affine,rotate_minus10_translate,0.8414830893784283,0.9456914651505576,0.7801294567062819,0.9226226806640625
FIMD,50_t.jpg,affine,rotate_plus10_translate,0.8550244242847174,0.9525926311397409,0.7798174872665535,0.9226226806640625
FIMD,50_t.jpg,affine,scale_095,0.8649924690070675,0.9613127718147594,0.7392938255446917,1.0
FIMD,50_t.jpg,affine,scale_105,0.8737232508168251,0.9774952461162068,0.783124726317326,0.908447265625
FIMD,51_t.jpg,photometric,brightness_minus30,0.9855055402681108,0.9971350737893612,0.9517460122936809,1.0
FIMD,51_t.jpg,photometric,brightness_plus30,0.9829930973711265,0.996599761283838,0.942525103058098,1.0
FIMD,51_t.jpg,photometric,contrast_070,0.9012971698113208,0.9708836218015365,0.7769746121297603,1.0
FIMD,51_t.jpg,photometric,contrast_130,0.9647775956755513,0.9925430344035833,0.8985264557332417,1.0
FIMD,51_t.jpg,photometric,gaussian_blur,0.7908999911678982,0.8935739277670788,0.6897669589293955,1.0
FIMD,51_t.jpg,affine,rotate_minus10_translate,0.874860909013096,0.9511794582201129,0.7754042851667187,0.9226226806640625
FIMD,51_t.jpg,affine,rotate_plus10_translate,0.8832671909950213,0.9536733351822008,0.7697702813981884,0.9226226806640625
FIMD,51_t.jpg,affine,scale_095,0.8763807319129479,0.9606174352394348,0.749077809903211,1.0
FIMD,51_t.jpg,affine,scale_105,0.8838673967028693,0.9704067810925431,0.7573572411420708,0.908447265625
FIMD,55_t.jpg,photometric,brightness_minus30,0.9860311839063499,0.9987203505371711,0.9529496133699177,1.0
FIMD,55_t.jpg,photometric,brightness_plus30,0.9700892857142858,0.995912431052223,0.9202895450007131,1.0
FIMD,55_t.jpg,photometric,contrast_070,0.879783762402347,0.9643558899626524,0.7665516249640495,1.0
FIMD,55_t.jpg,photometric,contrast_130,0.96349806247907,0.9948415747127407,0.8976803989139516,1.0
FIMD,55_t.jpg,photometric,gaussian_blur,0.5760991365104475,0.7209404554774929,0.5662586699306406,1.0
FIMD,55_t.jpg,affine,rotate_minus10_translate,0.8612743871935968,0.9528156108382841,0.7584923848081743,0.9226226806640625
FIMD,55_t.jpg,affine,rotate_plus10_translate,0.8226075682683737,0.937083858391621,0.7004207854662036,0.9226226806640625
FIMD,55_t.jpg,affine,scale_095,0.8383172914691562,0.9388763376006343,0.6938348696600258,1.0
FIMD,55_t.jpg,affine,scale_105,0.8444147636576864,0.9621780197556211,0.7512845017862425,0.908447265625
FIMD,56_r.jpg,photometric,brightness_minus30,0.9873411705060363,0.9978346661634244,0.954368743727916,1.0
FIMD,56_r.jpg,photometric,brightness_plus30,0.9871368374362386,0.9982107488201294,0.9619980168217523,1.0
FIMD,56_r.jpg,photometric,contrast_070,0.90147047134568,0.9707979230940866,0.793819587071668,1.0
FIMD,56_r.jpg,photometric,contrast_130,0.9741318269790569,0.9957173244961038,0.9307173999207292,1.0
FIMD,56_r.jpg,photometric,gaussian_blur,0.6276651645674431,0.7691122140866914,0.617205579635099,1.0
FIMD,56_r.jpg,affine,rotate_minus10_translate,0.8492382335671683,0.9408503042201193,0.7331439644162593,0.9226226806640625
FIMD,56_r.jpg,affine,rotate_plus10_translate,0.8490943489857949,0.9418951137773227,0.7335230168167148,0.9226226806640625
FIMD,56_r.jpg,affine,scale_095,0.8706153228049572,0.9563382903059908,0.7459823406175787,1.0
FIMD,56_r.jpg,affine,scale_105,0.8736559982445692,0.9743059000204474,0.7705331759990826,0.908447265625
FIMD,68_r.jpg,photometric,brightness_minus30,0.9714150347441567,0.9964985381638573,0.8850445804684444,1.0
FIMD,68_r.jpg,photometric,brightness_plus30,0.9866399926416483,0.9978590191777091,0.9460030239138878,1.0
FIMD,68_r.jpg,photometric,contrast_070,0.9100334834314744,0.976216628670458,0.7606477076767557,1.0
FIMD,68_r.jpg,photometric,contrast_130,0.9732630047289924,0.9942822479469493,0.9039418293149637,1.0
FIMD,68_r.jpg,photometric,gaussian_blur,0.6961226330027052,0.8244363866511507,0.614365671641791,1.0
FIMD,68_r.jpg,affine,rotate_minus10_translate,0.8690536857731593,0.9522402849964052,0.7248445820108596,0.9226226806640625
FIMD,68_r.jpg,affine,rotate_plus10_translate,0.8694730193105937,0.9535236175145277,0.7277635673223986,0.9226226806640625
FIMD,68_r.jpg,affine,scale_095,0.8889012208657048,0.9724046512561884,0.7701433660101857,1.0
FIMD,68_r.jpg,affine,scale_105,0.8774172853084043,0.9788892271420058,0.7561889716447233,0.908447265625
FIMD,69_r.jpg,photometric,brightness_minus30,0.9860311839063499,0.9987203505371711,0.9529496133699177,1.0
FIMD,69_r.jpg,photometric,brightness_plus30,0.9700892857142858,0.995912431052223,0.9202895450007131,1.0
FIMD,69_r.jpg,photometric,contrast_070,0.879783762402347,0.9643558899626524,0.7665516249640495,1.0
FIMD,69_r.jpg,photometric,contrast_130,0.96349806247907,0.9948415747127407,0.8976803989139516,1.0
FIMD,69_r.jpg,photometric,gaussian_blur,0.5760991365104475,0.7209404554774929,0.5662586699306406,1.0
FIMD,69_r.jpg,affine,rotate_minus10_translate,0.8612743871935968,0.9528156108382841,0.7584923848081743,0.9226226806640625
FIMD,69_r.jpg,affine,rotate_plus10_translate,0.8226075682683737,0.937083858391621,0.7004207854662036,0.9226226806640625
FIMD,69_r.jpg,affine,scale_095,0.8383172914691562,0.9388763376006343,0.6938348696600258,1.0
FIMD,69_r.jpg,affine,scale_105,0.8444147636576864,0.9621780197556211,0.7512845017862425,0.908447265625
